,Oligo,eL2/3,eL4,eL5,eL6
x34y363,0.0,0.0,0.0973237539082347,0.5577609536596886,0.34491529243207686
x7034y363,0.7288847042545131,0.04527834579247256,0.1430033961121382,0.0,0.08283355384087605
x10034y363,1.0,0.0,0.0,0.0,0.0
x34y863,0.6492482868755195,0.19074504935145548,0.0,0.0,0.16000666377302514
x7034y863,0.0,0.07982671116784464,0.0,0.9201732888321553,0.0
x7534y863,0.0,0.0,0.0,0.46744014325728317,0.5325598567427169
x8034y863,0.0,0.0,0.0,1.0,0.0
x8534y863,1.0,0.0,0.0,0.0,0.0
x9534y863,0.0,0.0,0.0,1.0,0.0
x10534y863,0.8736290914416455,0.0,0.0,0.1263709085583546,0.0
x34y1363,0.26693813954353884,0.0,0.0,0.7330618604564612,0.0
x534y1363,1.0,0.0,0.0,0.0,0.0
x1534y1363,0.0,0.0,0.0,1.0,0.0
x4534y1363,0.12449102151532238,0.0,0.0,0.8755089784846776,0.0
x5534y1363,0.0,0.0,0.30294677269668807,0.697053227303312,0.0
x6034y1363,0.7729601030143631,0.0,0.0,0.2270398969856369,0.0
x7034y1363,1.0,0.0,0.0,0.0,0.0
x8534y1363,1.0,0.0,0.0,0.0,0.0
x9534y1363,1.0,0.0,0.0,0.0,0.0
x10034y1363,1.0,0.0,0.0,0.0,0.0
x10534y1363,1.0,0.0,0.0,0.0,0.0
x34y1863,1.0,0.0,0.0,0.0,0.0
x534y1863,0.5634382084359502,0.4365617915640498,0.0,0.0,0.0
x1034y1863,1.0,0.0,0.0,0.0,0.0
x1534y1863,0.7191397534944574,0.2808602465055427,0.0,0.0,0.0
x2034y1863,0.8799361274621875,0.1200638725378124,0.0,0.0,0.0
x4534y1863,1.0,0.0,0.0,0.0,0.0
x5034y1863,1.0,0.0,0.0,0.0,0.0
x5534y1863,1.0,0.0,0.0,0.0,0.0
x6034y1863,1.0,0.0,0.0,0.0,0.0
x6534y1863,1.0,0.0,0.0,0.0,0.0
x7034y1863,0.9983687750540022,0.0,0.001631224945997803,0.0,0.0
x7534y1863,0.9252517752795321,0.0747482247204679,0.0,0.0,0.0
x8034y1863,1.0,0.0,0.0,0.0,0.0
x8534y1863,1.0,0.0,0.0,0.0,0.0
x9034y1863,1.0,0.0,0.0,0.0,0.0
x9534y1863,1.0,0.0,0.0,0.0,0.0
x10034y1863,1.0,0.0,0.0,0.0,0.0
x10534y1863,1.0,0.0,0.0,0.0,0.0
x34y2363,1.0,0.0,0.0,0.0,0.0
x534y2363,1.0,0.0,0.0,0.0,0.0
x1034y2363,1.0,0.0,0.0,0.0,0.0
x1534y2363,1.0,0.0,0.0,0.0,0.0
x2034y2363,1.0,0.0,0.0,0.0,0.0
x2534y2363,0.0775034710226862,0.2353704286784755,0.0,0.6871261002988382,0.0
x4534y2363,1.0,0.0,0.0,0.0,0.0
x5034y2363,0.9319442278721033,0.05735702955763931,0.0,0.010698742570257427,0.0
x5534y2363,1.0,0.0,0.0,0.0,0.0
x6034y2363,1.0,0.0,0.0,0.0,0.0
x6534y2363,1.0,0.0,0.0,0.0,0.0
x7034y2363,1.0,0.0,0.0,0.0,0.0
x7534y2363,1.0,0.0,0.0,0.0,0.0
x8034y2363,1.0,0.0,0.0,0.0,0.0
x8534y2363,1.0,0.0,0.0,0.0,0.0
x9034y2363,1.0,0.0,0.0,0.0,0.0
x9534y2363,1.0,0.0,0.0,0.0,0.0
x10034y2363,1.0,0.0,0.0,0.0,0.0
x10534y2363,1.0,0.0,0.0,0.0,0.0
x34y2863,0.7557297795447395,0.0,0.0,0.0,0.24427022045526053
x534y2863,1.0,0.0,0.0,0.0,0.0
x1034y2863,1.0,0.0,0.0,0.0,0.0
x1534y2863,1.0,0.0,0.0,0.0,0.0
x2034y2863,1.0,0.0,0.0,0.0,0.0
x2534y2863,1.0,0.0,0.0,0.0,0.0
x3034y2863,0.9227087495827182,0.0,0.0,0.0772912504172818,0.0
x3534y2863,1.0,0.0,0.0,0.0,0.0
x4534y2863,1.0,0.0,0.0,0.0,0.0
x5034y2863,0.8674775684026319,0.13252243159736812,0.0,0.0,0.0
x5534y2863,1.0,0.0,0.0,0.0,0.0
x6534y2863,1.0,0.0,0.0,0.0,0.0
x7034y2863,1.0,0.0,0.0,0.0,0.0
x7534y2863,1.0,0.0,0.0,0.0,0.0
x8534y2863,1.0,0.0,0.0,0.0,0.0
x9034y2863,0.13977871970047884,0.0,0.0,0.2435231493974304,0.6166981309020907
x9534y2863,0.0,0.0,0.0,0.4671737601164565,0.5328262398835435
x10034y2863,0.9134121247862289,0.0,0.0,0.0,0.08658787521377102
x10534y2863,0.8155573493075176,0.0,0.0,0.0,0.1844426506924825
x34y3363,0.5251352281564736,0.0,0.0,0.10237966864573064,0.3724851031977959
x534y3363,1.0,0.0,0.0,0.0,0.0
x1034y3363,0.8899565883874925,0.11004341161250746,0.0,0.0,0.0
x1534y3363,1.0,0.0,0.0,0.0,0.0
x2034y3363,1.0,0.0,0.0,0.0,0.0
x2534y3363,1.0,0.0,0.0,0.0,0.0
x3034y3363,1.0,0.0,0.0,0.0,0.0
x4534y3363,0.0,0.0,0.0,0.0,1.0
x5034y3363,0.0,0.0,0.0,1.0,0.0
x5534y3363,0.0,0.0,0.0,0.0,1.0
x6034y3363,0.0,0.0,0.0,0.323237869484753,0.676762130515247
x6534y3363,0.08163174740157118,0.0,0.0,0.17950083562686872,0.7388674169715601
x7034y3363,0.5750892340099519,0.0,0.0,0.0,0.42491076599004807
x7534y3363,0.20750182044012278,0.0,0.0,0.2680314045232656,0.5244667750366114
x8034y3363,0.6939300262321847,0.0,0.0,0.3060699737678154,0.0
x8534y3363,0.15817715475039928,0.0,0.0,0.0,0.8418228452496007
x9034y3363,0.17938507294150555,0.0,0.0,0.0,0.8206149270584945
x9534y3363,0.0,0.0,0.0,0.251759756641291,0.7482402433587091
x10034y3363,0.0,0.0,0.0,0.0,1.0
x10534y3363,0.1503763221069416,0.0,0.0,0.0,0.8496236778930585
x34y3863,0.1919061850615998,0.0,0.0,0.0,0.8080938149384002
x534y3863,0.10493579289448557,0.0,0.0,0.3179941956488457,0.5770700114566688
x1034y3863,0.9701799525041543,0.0,0.0,0.0,0.029820047495845638
x1534y3863,0.5131388008808493,0.0,0.0,0.0,0.4868611991191507
x2034y3863,1.0,0.0,0.0,0.0,0.0
x2534y3863,1.0,0.0,0.0,0.0,0.0
x3034y3863,1.0,0.0,0.0,0.0,0.0
x3534y3863,1.0,0.0,0.0,0.0,0.0
x4534y3863,0.0,0.0,0.0,0.18643897370201834,0.8135610262979817
x5034y3863,0.19270044083240462,0.0,0.0,0.0,0.8072995591675953
x5534y3863,0.06159080288415418,0.0,0.0,0.0,0.9384091971158459
x6034y3863,0.17341786068479137,0.0,0.0,0.0,0.8265821393152085
x6534y3863,0.07756280238044698,0.0,0.0,0.0,0.9224371976195531
x7034y3863,0.0,0.0,0.0,0.0,1.0
x7534y3863,0.0,0.0,0.0,0.0,1.0
x8034y3863,0.030430656339737953,0.0,0.0,0.0,0.969569343660262
x8534y3863,0.39240260991204146,0.0,0.0,0.0,0.6075973900879584
x9034y3863,0.0,0.0,0.0,0.0,1.0
x9534y3863,0.0,0.0,0.0,0.0,1.0
x10034y3863,0.0,0.0,0.0,0.0,1.0
x10534y3863,0.0,0.0,0.0,0.0,1.0
x34y4363,0.0,0.0,0.0,0.0,1.0
x534y4363,0.0,0.0,0.0,0.0,1.0
x1034y4363,1.0,0.0,0.0,0.0,0.0
x1534y4363,0.0,0.0,0.0,0.0,1.0
x2034y4363,0.8369870576937529,0.0,0.0,0.16301294230624705,0.0
x2534y4363,0.5474213905058393,0.0,0.0,0.13076371469942702,0.3218148947947337
x3034y4363,1.0,0.0,0.0,0.0,0.0
x4534y4363,0.0,0.0,0.0,0.0,1.0
x5034y4363,0.0,0.10268186569296112,0.0,0.07177553510121826,0.8255425992058207
x5534y4363,0.0,0.0,0.0,0.0,1.0
x6034y4363,0.0,0.0,0.0,0.0,1.0
x6534y4363,0.0,0.0,0.0,0.0,1.0
x7034y4363,0.0,0.0,0.0,1.0,0.0
x8034y4363,0.0,0.13745713920909508,0.0,0.0,0.8625428607909049
x8534y4363,0.0,0.0,0.0,0.0,1.0
x9034y4363,0.0,0.0,0.0,0.0,1.0
x9534y4363,0.0,0.14257940117896362,0.0,0.07503575190934263,0.7823848469116939
x10034y4363,0.0,0.0,0.0,0.1332385574457711,0.8667614425542288
x10534y4363,0.0,0.0,0.0,0.0,1.0
x34y4863,0.0,0.0,0.0,0.0,1.0
x534y4863,0.0,0.0,0.0,0.0,1.0
x1034y4863,0.0,0.05381807458110797,0.0,0.0,0.946181925418892
x1534y4863,0.0,0.0,0.0,0.0,1.0
x2034y4863,0.0,0.0,0.0,0.1813102931838849,0.8186897068161151
x2534y4863,0.48484454368538893,0.0,0.0,0.0,0.515155456314611
x3034y4863,0.5712112029903386,0.0,0.0,0.0,0.4287887970096614
x3534y4863,0.0,0.0,0.0,0.28614050761767484,0.7138594923823252
x4534y4863,0.0,0.0,0.0,0.0,1.0
x5034y4863,0.0037343146705251145,0.1173441918796152,0.0,0.0,0.8789214934498597
x5534y4863,0.0,0.16222337421861563,0.0,0.0,0.8377766257813843
x6034y4863,0.00833981463703055,0.0,0.0,0.0,0.9916601853629694
x6534y4863,0.0,0.0,0.0,0.0,1.0
x7034y4863,0.0,0.0,0.0,0.0,1.0
x7534y4863,0.0,0.7024108024340814,0.0,0.2975891975659186,0.0
x8034y4863,0.17017208773585005,0.0,0.0,0.0,0.82982791226415
x8534y4863,0.0,0.0,0.0,0.0,1.0
x9034y4863,0.07753248573086549,0.0,0.0,0.1401755297493307,0.7822919845198039
x9534y4863,0.0,0.1800707182068019,0.18889157983057034,0.0,0.6310377019626277
x10034y4863,0.0,0.0,0.0,0.47521750745557034,0.5247824925444295
x10534y4863,0.0,0.0,0.0,1.0,0.0
x34y5363,0.0,0.09124099190179265,0.0,0.0,0.9087590080982073
x534y5363,3.0390578430650176e-09,0.0,0.0,0.0,0.9999999969609421
x1034y5363,0.0,0.0,0.0,0.0,1.0
x1534y5363,0.0,0.0,0.0,0.0,1.0
x2034y5363,0.0,0.0,0.0,0.03521471916787328,0.9647852808321267
x2534y5363,0.09503097981829488,0.0,0.0,0.0,0.9049690201817051
x3034y5363,0.21215791421907162,0.0,0.0,0.0,0.7878420857809284
x3534y5363,0.0,0.0,0.0,0.19649002884937852,0.8035099711506214
x4534y5363,0.21030074627301362,0.0,0.0,0.0,0.7896992537269863
x5034y5363,0.0,0.0,0.0,0.2043212138004864,0.7956787861995136
x5534y5363,0.0,0.0,0.0,0.0,1.0
x6034y5363,0.0,0.0,0.0,0.0,1.0
x6534y5363,0.0,0.0,0.0,0.0,1.0
x7034y5363,0.0,0.0,0.0,0.37988971892255663,0.6201102810774435
x8534y5363,0.853958029384484,0.10371091227895388,0.04233105833656213,0.0,0.0
x9034y5363,0.0,0.1942367223156155,0.0,0.0,0.8057632776843845
x9534y5363,0.07120427109114963,0.17445046666491637,0.0,0.0,0.754345262243934
x10034y5363,0.0,0.0,0.23998193715019958,0.0,0.7600180628498004
x34y5863,0.0,0.12276876477933803,0.0,0.0,0.8772312352206619
x534y5863,0.0,0.0,0.1225306209529036,0.07461490236822506,0.8028544766788712
x1034y5863,0.0,0.1658424217465514,0.0,0.0036135250607546732,0.830544053192694
x1534y5863,0.0,0.0,0.0,0.0666596438755829,0.9333403561244171
x2034y5863,0.0,0.0,0.0,0.0,1.0
x2534y5863,0.0,0.0,0.0,0.0,1.0
x3034y5863,0.0,0.0,0.0,0.0,1.0
x3534y5863,0.0,0.06424292917682865,0.0,0.0,0.9357570708231714
x4534y5863,0.6075028236337306,0.0,0.0,0.0,0.39249717636626924
x5034y5863,0.0,0.474061053884402,0.0,0.525938946115598,0.0
x5534y5863,0.06965718637078991,0.0,0.0,0.0,0.9303428136292101
x6534y5863,0.0,0.0,0.0,0.5540906304219207,0.4459093695780793
x7034y5863,0.0,0.10758040576244501,0.0,0.892419594237555,0.0
x7534y5863,0.2578551552032045,0.0,0.0,0.0,0.7421448447967955
x8034y5863,0.0,0.0,0.20467767141540863,0.7953223285845914,0.0
x8534y5863,0.2869829376151271,0.2873724866070562,0.0,0.0,0.4256445757778166
x9034y5863,0.6237070997807298,0.0,0.0,0.3762929002192702,0.0
x9534y5863,0.0,0.11999416539503661,0.14019543944332144,0.4211389691316032,0.3186714260300388
x10034y5863,0.0,0.0,0.0,1.0,0.0
x10534y5863,0.0,0.0,0.032958890318225846,0.7998598575332144,0.16718125214855975
x34y6363,0.35640677508543767,0.0,0.0,0.33145835809176843,0.31213486682279384
x534y6363,0.5861506218969514,0.0,0.16569777272617559,0.2481516053768731,0.0
x1034y6363,0.0,0.104600615793187,0.0,0.0,0.895399384206813
x1534y6363,0.0,0.0,0.0,0.0,1.0
x2034y6363,0.442518877184642,0.0,0.0,0.1529935659740615,0.40448755684129645
x2534y6363,0.3296088774978708,0.0,0.0,0.0,0.6703911225021292
x3034y6363,0.053136406874306576,0.0,0.0,0.0,0.9468635931256935
x3534y6363,0.0,0.0,0.0,0.0,1.0
x4534y6363,0.0,0.18620646622228143,0.1119331083638433,0.33219531963155924,0.36966510578231604
x5034y6363,0.0,0.0,0.0,1.0,0.0
x5534y6363,0.0,0.0,0.0,1.0,0.0
x6034y6363,0.9078516484609855,0.0,0.09214835153901452,0.0,0.0
x6534y6363,0.0,0.0,0.0,1.0,0.0
x7034y6363,0.2545297939855721,0.0,0.0,0.6443120082648106,0.10115819774961736
x7534y6363,0.0,0.0,0.0,1.0,0.0
x8034y6363,0.0,0.0,0.0,1.0,0.0
x8534y6363,0.0,0.0,0.0,1.0,0.0
x9034y6363,0.5926498538525176,0.0,0.0,0.2589386959379653,0.14841145020951713
x9534y6363,0.049080802105206475,0.0,0.0,0.6301957284731315,0.3207234694216619
x10034y6363,0.05087722268841081,0.0,0.0,0.9491227773115892,0.0
x10534y6363,0.0,0.0,0.0,1.0,0.0
x34y6863,0.04138679132673127,0.0,0.0,0.9586132086732687,0.0
x534y6863,0.0942960157840813,0.0,0.0,0.9057039842159188,0.0
x1534y6863,0.0,0.0,0.14636980774423436,0.6018864922494048,0.2517437000063608
x2034y6863,0.0,0.0,0.3443405683667008,0.6556594316332992,0.0
x2534y6863,0.12332919852424765,0.0,0.16136936476164346,0.148448625036356,0.5668528116777528
x3034y6863,0.0,0.0,0.2758071846127323,0.0,0.7241928153872677
x3534y6863,0.0,0.033031306939539415,0.4350978314961892,0.0,0.5318708615642713
x5034y6863,0.1786665301683622,0.21978686913933942,0.0,0.4924628685894073,0.10908373210289123
x5534y6863,0.28590363164287325,0.0,0.0,0.7140963683571269,0.0
x6034y6863,0.0,0.0,0.0,1.0,0.0
x6534y6863,0.0,0.0,0.0,0.0,1.0
x7034y6863,0.6295045242768388,0.0,0.0,0.3704954757231612,0.0
x7534y6863,0.0,0.0,0.0,1.0,0.0
x8034y6863,0.0,0.0,0.0,1.0,0.0
x8534y6863,0.0,0.0,0.0,1.0,0.0
x9034y6863,0.0,0.08068922501894916,0.10839305179911352,0.6183704188029463,0.192547304378991
x9534y6863,0.0,0.0,0.0,1.0,0.0
x10534y6863,0.0,0.0,0.0,1.0,0.0
x34y7363,0.0,0.0,0.0,0.0,1.0
x1034y7363,0.0,0.0,0.0,1.0,0.0
x1534y7363,0.0,0.0,0.0,1.0,0.0
x2034y7363,0.0,0.0,0.0,1.0,0.0
x3534y7363,0.0,0.0,0.568088070406244,0.277768888534465,0.15414304105929102
x4534y7363,0.2551897665640051,0.0,0.0,0.744810233435995,0.0
x5034y7363,0.5902132384610067,0.1304928438506746,0.023334035823152192,0.2559598818651666,0.0
x5534y7363,0.8295224687975356,0.0,0.0,0.17047753120246448,0.0
x6534y7363,0.0,0.0,0.0,1.0,0.0
x7034y7363,0.0,0.06814827492205984,0.06580310233415748,0.7202083976834359,0.14584022506034677
x7534y7363,0.10277742697728369,0.0,0.0,0.8972225730227162,0.0
x8034y7363,0.0,0.0,0.47952665457062016,0.52047334542938,0.0
x8534y7363,0.12125829199710608,0.0,0.33914110849271517,0.5396005995101788,0.0
x9034y7363,0.0,0.0,0.4303279492826993,0.5696720507173006,0.0
x9534y7363,0.0,0.0,0.4814007541732465,0.5185992458267534,0.0
x10534y7363,0.0,0.0,0.5159336375624533,0.4840663624375467,0.0
x34y7863,0.5204827029722902,0.0,0.0,0.47951729702770973,0.0
x534y7863,0.0,0.0,0.0,1.0,0.0
x1034y7863,1.0,0.0,0.0,0.0,0.0
x1534y7863,0.0,0.0,0.0,1.0,0.0
x2034y7863,0.22599245160534212,0.0,0.0,0.7740075483946578,0.0
x2534y7863,0.0,0.0,0.0,1.0,0.0
x3034y7863,0.17565346586608405,0.0,0.0,0.8243465341339159,0.0
x4534y7863,0.0,0.0,0.0,1.0,0.0
x5034y7863,0.0,0.0,0.0,1.0,0.0
x5534y7863,0.0,0.0,0.0,1.0,0.0
x6034y7863,0.0,0.0,0.0,1.0,0.0
x6534y7863,0.0,0.0,1.0,0.0,0.0
x7034y7863,0.0,0.19435599708588047,0.0,0.8056440029141195,0.0
x7534y7863,0.6254909204030099,0.02325467536810153,0.35125440422888854,0.0,0.0
x8034y7863,0.0,0.0,1.0,0.0,0.0
x8534y7863,0.0,0.0,0.7174850823291832,0.2825149176708169,0.0
x9034y7863,0.0,0.058767524502652296,0.7783571089617526,0.16287536413869602,2.3968991574111934e-09
x9534y7863,0.0,0.0,0.6829728300717656,0.3170271699282345,0.0
x10034y7863,0.0,0.0,1.0,0.0,0.0
x10534y7863,0.0,0.11940969799789945,0.8805903020021006,0.0,0.0
x34y8363,0.0,0.042263392823397396,0.29998949634037175,0.6577471108362308,0.0
x534y8363,0.4256899916062595,0.0,0.0,0.5743100083937406,0.0
x1034y8363,0.25396466588130645,0.0,0.0,0.7460353341186936,0.0
x2034y8363,0.0,0.0,0.0,1.0,0.0
x2534y8363,0.04458855396967256,0.0,0.11660635467126426,0.0,0.8388050913590631
x3034y8363,0.013187353746624263,0.0,0.0,0.9868126462533757,0.0
x4534y8363,0.03696448746051493,0.0,0.963035512539485,0.0,0.0
x5034y8363,0.0,0.11091072975773579,0.0,0.8890892702422643,0.0
x6034y8363,0.0,0.0,1.0,0.0,0.0
x6534y8363,0.0,0.0,1.0,0.0,0.0
x7034y8363,0.2486345600541721,0.10444914317083447,0.6018804396087533,0.0450358571662402,0.0
x7534y8363,0.0,0.0,1.0,0.0,0.0
x8034y8363,0.0,0.0,1.0,0.0,0.0
x8534y8363,0.03456802069841854,0.0,0.9654319793015814,0.0,0.0
x9034y8363,0.0,0.0,1.0,0.0,0.0
x9534y8363,0.0,0.0,1.0,0.0,0.0
x10034y8363,0.0,0.0,0.9617210874064402,0.038278912593559665,0.0
x10534y8363,0.0,0.0,1.0,0.0,0.0
x34y8863,0.0,0.0,1.0,0.0,0.0
x534y8863,0.0,0.0,1.0,0.0,0.0
x1034y8863,0.0,0.0,0.0,1.0,0.0
x2034y8863,0.27493624030103475,0.0,0.0,0.7250637596989653,0.0
x2534y8863,0.0,0.0,0.0,1.0,0.0
x3034y8863,0.0,0.0,0.0,1.0,0.0
x4534y8863,0.0,0.0,1.0,0.0,0.0
x5034y8863,0.0,0.0,1.0,0.0,0.0
x5534y8863,0.0,0.1798031059010241,0.8201968940989758,0.0,0.0
x6034y8863,0.0,0.0,1.0,0.0,0.0
x6534y8863,0.0,0.0,1.0,0.0,0.0
x7034y8863,0.0,0.20109951619137653,0.7989004838086236,0.0,0.0
x7534y8863,0.0,0.0,0.9747800905319188,0.025219909468081263,0.0
x8034y8863,0.0,0.0,1.0,0.0,0.0
x8534y8863,0.0,0.0,1.0,0.0,0.0
x9034y8863,0.11188509306583652,0.0,0.8881149069341635,0.0,0.0
x9534y8863,0.0,0.0,1.0,0.0,0.0
x10034y8863,0.0,0.0,1.0,0.0,0.0
x10534y8863,0.8712688837176076,0.0,0.0,0.0,0.12873111628239248
x34y9363,0.04766508240894448,0.0,0.9523349175910556,0.0,0.0
x534y9363,0.0,0.0,0.836821135733729,0.16317886426627096,0.0
x1034y9363,0.40542913565832533,0.0,0.19229106986987343,0.40227979343107284,1.0407283463829938e-09
x1534y9363,0.0,0.0,0.0,1.0,0.0
x2034y9363,0.0,0.0,0.3555716316948966,0.6444283683051035,0.0
x2534y9363,0.03695372232929143,0.0,0.0,0.9630462776707086,0.0
x3534y9363,0.0,0.0,0.09857737044764028,0.6914467330101816,0.2099758965421782
x4534y9363,0.0,0.2578436179807232,0.7421563820192768,0.0,0.0
x5034y9363,0.0,0.20701214179246588,0.5330773261594405,0.11813021217777915,0.14178031987031456
x5534y9363,0.0,0.0,1.0,0.0,0.0
x6034y9363,0.0,0.0,1.0,0.0,0.0
x6534y9363,0.014714285766818885,0.03240722820268084,0.9528784860305003,0.0,0.0
x7034y9363,0.0,0.0,1.0,0.0,0.0
x7534y9363,0.0,0.0,1.0,0.0,0.0
x8034y9363,0.0,0.26375687190485475,0.7362431280951451,0.0,0.0
x8534y9363,0.0,0.13569058458973673,0.8643094154102634,0.0,0.0
x9034y9363,0.15708410263933062,0.3480893183323828,0.4292693954036939,0.03248835620563946,0.03306882741895298
x9534y9363,0.0,1.0,0.0,0.0,0.0
x10034y9363,0.0412180549950741,0.9587819450049259,0.0,0.0,0.0
x10534y9363,0.0,0.0,1.0,0.0,0.0
x34y9863,0.0,0.0,1.0,0.0,0.0
x534y9863,0.0,0.0,0.968538016988669,0.0,0.03146198301133092
x1034y9863,0.0,0.0,1.0,0.0,0.0
x1534y9863,0.0,0.0,1.0,0.0,0.0
x2034y9863,0.27151835331119073,0.0,0.6484485237905676,0.08003312289824167,0.0
x2534y9863,0.022116506045781158,0.0,0.5402812850168853,0.43760220893733354,0.0
x3034y9863,0.0,0.0,0.5500087231644906,0.44999127683550944,0.0
x3534y9863,0.0,0.0,0.0,0.6823870108652672,0.31761298913473285
x4534y9863,0.0,0.42939701821317816,0.5706029817868218,0.0,0.0
x5034y9863,0.0,0.0,1.0,0.0,0.0
x5534y9863,0.05860287075901856,0.2191983749182431,0.7221987543227384,0.0,0.0
x6034y9863,0.11023935264183157,0.0,0.8897606473581685,0.0,0.0
x6534y9863,0.0,0.0,1.0,0.0,0.0
x7034y9863,0.0,0.169128334563907,0.6458517614088298,0.1850199040272632,0.0
x7534y9863,0.0,0.2672108684664446,0.7327891315335555,0.0,0.0
x8034y9863,0.11731345338002651,0.43192745065711763,0.4507590959628558,0.0,0.0
x8534y9863,0.12348885617148056,0.0,0.8765111438285195,0.0,0.0
x9034y9863,0.0,1.0,0.0,0.0,0.0
x9534y9863,0.0,0.965174477496567,0.03482552250343288,0.0,0.0
x10034y9863,0.0,1.0,0.0,0.0,0.0
x10534y9863,0.0,1.0,0.0,0.0,0.0
x34y10363,0.19817594635383062,0.0,0.8018240536461694,0.0,0.0
x534y10363,0.0,0.037495390573506746,0.9625046094264932,0.0,0.0
x1034y10363,0.0,0.0,1.0,0.0,0.0
x1534y10363,0.0,0.0,1.0,0.0,0.0
x2034y10363,0.0,0.0,1.0,0.0,0.0
x2534y10363,0.0,0.0,1.0,0.0,0.0
x3034y10363,0.016275767786992724,0.08570822287939898,0.8980160093336083,0.0,0.0
x3534y10363,0.15287055213643372,0.0,0.5277618232905363,0.31936762457303,0.0
x4534y10363,0.0,1.0,0.0,0.0,0.0
x5034y10363,0.0,0.6429545842008547,0.3570454157991453,0.0,0.0
x5534y10363,0.0,0.8545582419188226,0.0,0.14544175808117746,0.0
x6034y10363,0.0,0.6498154190602086,0.2942665436630914,0.05591803727670006,0.0
x6534y10363,0.0,0.3730636308718595,0.5632648227524417,0.0636715463756988,0.0
x7034y10363,0.0,0.567305497623498,0.4326945023765019,0.0,0.0
x7534y10363,0.8954222607669815,0.10457773923301844,0.0,0.0,0.0
x8034y10363,0.0,1.0,0.0,0.0,0.0
x8534y10363,0.0,1.0,0.0,0.0,0.0
x9034y10363,0.2931691842762754,0.7068308157237246,0.0,0.0,0.0
x9534y10363,0.0,1.0,0.0,0.0,0.0
x10034y10363,0.0,1.0,0.0,0.0,0.0
x10534y10363,0.0,0.9067540326185092,0.09324596738149081,0.0,0.0
x34y10863,0.0,0.0,1.0,0.0,0.0
x534y10863,0.0,0.09835448128602603,0.9016455187139739,0.0,0.0
x1034y10863,0.0,0.17193656634199117,0.8280634336580088,0.0,0.0
x1534y10863,0.025410365788467063,0.0,0.9745896342115329,0.0,0.0
x2034y10863,0.0235957418506804,0.0,0.9764042581493195,0.0,0.0
x2534y10863,0.0,0.0,1.0,0.0,0.0
x3034y10863,0.08149795376780286,0.0,0.9185020462321972,0.0,0.0
x3534y10863,0.0,0.2513192154692714,0.7486807845307286,0.0,0.0
x4534y10863,0.0,1.0,0.0,0.0,0.0
x5034y10863,0.0,1.0,0.0,0.0,0.0
x5534y10863,0.0,1.0,0.0,0.0,0.0
x6034y10863,0.0,1.0,0.0,0.0,0.0
x6534y10863,0.0,1.0,0.0,0.0,0.0
x7034y10863,0.0,1.0,0.0,0.0,0.0
x7534y10863,0.08018453668135611,0.9198154633186438,0.0,0.0,0.0
x8034y10863,0.0,1.0,0.0,0.0,0.0
x8534y10863,0.0,1.0,0.0,0.0,0.0
x9034y10863,0.0,1.0,0.0,0.0,0.0
x9534y10863,0.0,1.0,0.0,0.0,0.0
x10034y10863,0.0,1.0,0.0,0.0,0.0
x10534y10863,0.0,1.0,0.0,0.0,0.0
x34y11363,0.0,1.0,0.0,0.0,0.0
x534y11363,0.0,0.0,1.0,0.0,0.0
x1034y11363,0.168897265468429,0.18236220136529838,0.6487405331662726,0.0,0.0
x1534y11363,0.0,0.383999239538103,0.616000760461897,0.0,0.0
x2034y11363,0.0,0.0,1.0,0.0,0.0
x2534y11363,0.0,0.0,1.0,0.0,0.0
x3034y11363,0.0,0.0,1.0,0.0,0.0
x3534y11363,0.03297544386466091,0.0,0.9670245561353392,0.0,0.0
x4534y11363,0.0,1.0,0.0,0.0,0.0
x5034y11363,0.04500294847720681,0.9549970515227932,0.0,0.0,0.0
x5534y11363,0.0,1.0,0.0,0.0,0.0
x6034y11363,0.0,1.0,0.0,0.0,0.0
x6534y11363,0.0,0.837761703777912,0.16223829622208805,0.0,0.0
x7034y11363,0.1284476406056675,0.8715523593943326,0.0,0.0,0.0
x7534y11363,0.0,1.0,0.0,0.0,0.0
x8034y11363,0.0,1.0,0.0,0.0,0.0
x8534y11363,0.06325341768184023,0.9367465823181597,0.0,0.0,0.0
x9034y11363,0.0,1.0,0.0,0.0,0.0
x9534y11363,0.0,1.0,0.0,0.0,0.0
x10034y11363,0.0,1.0,0.0,0.0,0.0
x10534y11363,0.0,1.0,0.0,0.0,0.0
x34y11863,0.0,1.0,0.0,0.0,0.0
x534y11863,0.08660874727581185,0.9133912527241881,0.0,0.0,0.0
x1034y11863,0.2334228680869577,0.7665771319130422,0.0,0.0,0.0
x1534y11863,0.042222778361042865,0.5501965424655818,0.3740038233661293,0.033576855807246016,0.0
x2034y11863,0.19181916344000347,0.0,0.8081808365599966,0.0,0.0
x2534y11863,0.1170372581031944,0.17543084292635017,0.7075318989704553,0.0,0.0
x3034y11863,0.0,0.0,1.0,0.0,0.0
x3534y11863,0.0,0.06178324252344657,0.9382167574765534,0.0,0.0
x4534y11863,0.0,1.0,0.0,0.0,0.0
x5034y11863,0.0,1.0,0.0,0.0,0.0
x5534y11863,0.0,0.906632267795842,0.09336773220415805,0.0,0.0
x6034y11863,0.0,1.0,0.0,0.0,0.0
x6534y11863,0.107728850811381,0.8922711491886189,0.0,0.0,0.0
x7034y11863,0.04931266262832235,0.9506873373716777,0.0,0.0,0.0
x8034y11863,0.0,1.0,0.0,0.0,0.0
x8534y11863,0.07343332524835236,0.9265666747516477,0.0,0.0,0.0
x9034y11863,0.15242212130437152,0.8475778786956285,0.0,0.0,0.0
x9534y11863,0.0,1.0,0.0,0.0,0.0
x10034y11863,0.0,0.9890005340852595,0.0,0.010999465914740518,0.0
x10534y11863,0.0,1.0,0.0,0.0,0.0
x34y12363,0.0,1.0,0.0,0.0,0.0
x1034y12363,0.0,0.9365820443443378,0.06341795565566223,0.0,0.0
x1534y12363,0.0,1.0,0.0,0.0,0.0
x2034y12363,0.26798406859759544,0.6738952218307936,0.0,0.058120709571610994,0.0
x2534y12363,0.0782199478193323,0.9217800521806676,0.0,0.0,0.0
x3034y12363,0.2172917071323452,0.0,0.6875876172050798,0.09512067566257508,0.0
x3534y12363,0.0,0.0,0.8504355395359019,0.0,0.1495644604640981
x4534y12363,0.0,1.0,0.0,0.0,0.0
x5034y12363,0.0,0.8452134691652953,0.09106941537562627,0.06371711545907838,0.0
x5534y12363,0.0,0.975919588143444,0.0,0.02408041185655591,0.0
x6034y12363,0.0,1.0,0.0,0.0,0.0
x6534y12363,0.0,1.0,0.0,0.0,0.0
x7034y12363,0.10157580626704539,0.8984241937329546,0.0,0.0,0.0
x7534y12363,0.0,0.9433888914548622,0.0,0.0566111085451379,0.0
x8034y12363,0.09052403290549894,0.909475967094501,0.0,0.0,0.0
x8534y12363,0.04888818119542395,0.9511118188045761,0.0,0.0,0.0
x9034y12363,0.0,1.0,0.0,0.0,0.0
x9534y12363,0.0,1.0,0.0,0.0,0.0
x10034y12363,0.08991639493102498,0.910083605068975,0.0,0.0,0.0
x10534y12363,0.0,1.0,0.0,0.0,0.0
x34y12863,0.23748617924030602,0.6744304200406523,0.08808340071904176,0.0,0.0
x534y12863,0.0,1.0,0.0,0.0,0.0
x1034y12863,0.0,1.0,0.0,0.0,0.0
x1534y12863,0.46546582863192687,0.5345341700433184,1.324754742377483e-09,0.0,0.0
x2034y12863,0.0,1.0,0.0,0.0,0.0
x2534y12863,0.12826708812659876,0.823349600321671,0.048383311551730215,0.0,0.0
x3034y12863,0.014746193150789408,0.7996347343120864,0.18561907253712412,0.0,0.0
x3534y12863,0.06469501242033489,0.9353049875796652,0.0,0.0,0.0
x4534y12863,0.0,1.0,0.0,0.0,0.0
x5034y12863,0.00922779199600902,0.9907722080039909,0.0,0.0,0.0
x5534y12863,0.027318339720759068,0.9556259768510996,0.017055683428141264,0.0,0.0
x6034y12863,0.0,1.0,0.0,0.0,0.0
x6534y12863,0.0,1.0,0.0,0.0,0.0
x7034y12863,0.0,1.0,0.0,0.0,0.0
x7534y12863,0.0,1.0,0.0,0.0,0.0
x8034y12863,0.13461141579418237,0.8653885842058177,0.0,0.0,0.0
x9034y12863,0.0,1.0,0.0,0.0,0.0
x34y13363,0.0,1.0,0.0,0.0,0.0
x534y13363,0.0,1.0,0.0,0.0,0.0
x1034y13363,0.0,0.9624207823511514,0.0,0.037579217648848716,0.0
x1534y13363,0.0,0.9395489512717123,0.06045104872828777,0.0,0.0
x2034y13363,0.08898025363731751,0.9110197463626825,0.0,0.0,0.0
x2534y13363,0.016613434558847808,0.9170004730691308,0.0663860923720214,0.0,0.0
x3034y13363,0.0,1.0,0.0,0.0,0.0
x3534y13363,0.02885791232760133,0.9711420876723987,0.0,0.0,0.0
x4534y13363,0.0,1.0,0.0,0.0,0.0
x5034y13363,0.15843069605072552,0.667956943943849,0.0,0.07602387112673321,0.09758848887869234
x9034y13363,0.0726704678519908,0.46608627728000485,0.2838319885954972,0.17741126627250703,0.0
x34y13863,0.0,0.7747307168533868,0.2252692831466133,0.0,0.0
x534y13863,0.0,1.0,0.0,0.0,0.0
x1034y13863,0.0,1.0,0.0,0.0,0.0
x1534y13863,0.0,1.0,0.0,0.0,0.0
x2034y13863,0.0,0.9619972263722314,0.0,0.03800277362776867,0.0
x2534y13863,0.18302189495715881,0.8169781050428412,0.0,0.0,0.0
x3034y13863,0.0,1.0,0.0,0.0,0.0
x3534y13863,0.0,0.838040574569271,0.0,0.16195942543072908,0.0
x7034y13863,1.0,0.0,0.0,0.0,0.0
x7534y13863,1.0,0.0,0.0,0.0,0.0
x1034y14363,0.05660045251944496,0.9433995474805551,0.0,0.0,0.0
x1534y14363,0.0,1.0,0.0,0.0,0.0
x2034y14363,0.0,1.0,0.0,0.0,0.0
x2534y14363,0.10668805995946758,0.8933119400405325,0.0,0.0,0.0
x3034y14363,0.07855121260070273,0.9214487873992974,0.0,0.0,0.0
x3534y14363,0.0,0.568162484334587,0.12990052625537046,0.30193698941004243,0.0
x2034y14863,0.0,1.0,0.0,0.0,0.0
x2534y14863,0.0,1.0,0.0,0.0,0.0
x3034y14863,0.07767100762033106,0.9223289923796689,0.0,0.0,0.0
x3034y15363,0.014722326783843368,0.9852776732161567,0.0,0.0,0.0
x3534y15363,0.08232154700150741,0.9176784529984926,0.0,0.0,0.0
x1534y15863,0.4741757023083801,0.0,0.0,0.0,0.5258242976916199
