"","imagecol","imagerow","x","y"
"x34y363",34,363,1,1
"x7034y363",7034,363,15,1
"x10034y363",10034,363,21,1
"x34y863",34,863,1,2
"x7034y863",7034,863,15,2
"x7534y863",7534,863,16,2
"x8034y863",8034,863,17,2
"x8534y863",8534,863,18,2
"x9534y863",9534,863,20,2
"x10534y863",10534,863,22,2
"x34y1363",34,1363,1,3
"x534y1363",534,1363,2,3
"x1534y1363",1534,1363,4,3
"x4534y1363",4534,1363,10,3
"x5534y1363",5534,1363,12,3
"x6034y1363",6034,1363,13,3
"x7034y1363",7034,1363,15,3
"x8534y1363",8534,1363,18,3
"x9534y1363",9534,1363,20,3
"x10034y1363",10034,1363,21,3
"x10534y1363",10534,1363,22,3
"x34y1863",34,1863,1,4
"x534y1863",534,1863,2,4
"x1034y1863",1034,1863,3,4
"x1534y1863",1534,1863,4,4
"x2034y1863",2034,1863,5,4
"x4534y1863",4534,1863,10,4
"x5034y1863",5034,1863,11,4
"x5534y1863",5534,1863,12,4
"x6034y1863",6034,1863,13,4
"x6534y1863",6534,1863,14,4
"x7034y1863",7034,1863,15,4
"x7534y1863",7534,1863,16,4
"x8034y1863",8034,1863,17,4
"x8534y1863",8534,1863,18,4
"x9034y1863",9034,1863,19,4
"x9534y1863",9534,1863,20,4
"x10034y1863",10034,1863,21,4
"x10534y1863",10534,1863,22,4
"x34y2363",34,2363,1,5
"x534y2363",534,2363,2,5
"x1034y2363",1034,2363,3,5
"x1534y2363",1534,2363,4,5
"x2034y2363",2034,2363,5,5
"x2534y2363",2534,2363,6,5
"x4534y2363",4534,2363,10,5
"x5034y2363",5034,2363,11,5
"x5534y2363",5534,2363,12,5
"x6034y2363",6034,2363,13,5
"x6534y2363",6534,2363,14,5
"x7034y2363",7034,2363,15,5
"x7534y2363",7534,2363,16,5
"x8034y2363",8034,2363,17,5
"x8534y2363",8534,2363,18,5
"x9034y2363",9034,2363,19,5
"x9534y2363",9534,2363,20,5
"x10034y2363",10034,2363,21,5
"x10534y2363",10534,2363,22,5
"x34y2863",34,2863,1,6
"x534y2863",534,2863,2,6
"x1034y2863",1034,2863,3,6
"x1534y2863",1534,2863,4,6
"x2034y2863",2034,2863,5,6
"x2534y2863",2534,2863,6,6
"x3034y2863",3034,2863,7,6
"x3534y2863",3534,2863,8,6
"x4534y2863",4534,2863,10,6
"x5034y2863",5034,2863,11,6
"x5534y2863",5534,2863,12,6
"x6534y2863",6534,2863,14,6
"x7034y2863",7034,2863,15,6
"x7534y2863",7534,2863,16,6
"x8534y2863",8534,2863,18,6
"x9034y2863",9034,2863,19,6
"x9534y2863",9534,2863,20,6
"x10034y2863",10034,2863,21,6
"x10534y2863",10534,2863,22,6
"x34y3363",34,3363,1,7
"x534y3363",534,3363,2,7
"x1034y3363",1034,3363,3,7
"x1534y3363",1534,3363,4,7
"x2034y3363",2034,3363,5,7
"x2534y3363",2534,3363,6,7
"x3034y3363",3034,3363,7,7
"x4534y3363",4534,3363,10,7
"x5034y3363",5034,3363,11,7
"x5534y3363",5534,3363,12,7
"x6034y3363",6034,3363,13,7
"x6534y3363",6534,3363,14,7
"x7034y3363",7034,3363,15,7
"x7534y3363",7534,3363,16,7
"x8034y3363",8034,3363,17,7
"x8534y3363",8534,3363,18,7
"x9034y3363",9034,3363,19,7
"x9534y3363",9534,3363,20,7
"x10034y3363",10034,3363,21,7
"x10534y3363",10534,3363,22,7
"x34y3863",34,3863,1,8
"x534y3863",534,3863,2,8
"x1034y3863",1034,3863,3,8
"x1534y3863",1534,3863,4,8
"x2034y3863",2034,3863,5,8
"x2534y3863",2534,3863,6,8
"x3034y3863",3034,3863,7,8
"x3534y3863",3534,3863,8,8
"x4534y3863",4534,3863,10,8
"x5034y3863",5034,3863,11,8
"x5534y3863",5534,3863,12,8
"x6034y3863",6034,3863,13,8
"x6534y3863",6534,3863,14,8
"x7034y3863",7034,3863,15,8
"x7534y3863",7534,3863,16,8
"x8034y3863",8034,3863,17,8
"x8534y3863",8534,3863,18,8
"x9034y3863",9034,3863,19,8
"x9534y3863",9534,3863,20,8
"x10034y3863",10034,3863,21,8
"x10534y3863",10534,3863,22,8
"x34y4363",34,4363,1,9
"x534y4363",534,4363,2,9
"x1034y4363",1034,4363,3,9
"x1534y4363",1534,4363,4,9
"x2034y4363",2034,4363,5,9
"x2534y4363",2534,4363,6,9
"x3034y4363",3034,4363,7,9
"x4534y4363",4534,4363,10,9
"x5034y4363",5034,4363,11,9
"x5534y4363",5534,4363,12,9
"x6034y4363",6034,4363,13,9
"x6534y4363",6534,4363,14,9
"x7034y4363",7034,4363,15,9
"x8034y4363",8034,4363,17,9
"x8534y4363",8534,4363,18,9
"x9034y4363",9034,4363,19,9
"x9534y4363",9534,4363,20,9
"x10034y4363",10034,4363,21,9
"x10534y4363",10534,4363,22,9
"x34y4863",34,4863,1,10
"x534y4863",534,4863,2,10
"x1034y4863",1034,4863,3,10
"x1534y4863",1534,4863,4,10
"x2034y4863",2034,4863,5,10
"x2534y4863",2534,4863,6,10
"x3034y4863",3034,4863,7,10
"x3534y4863",3534,4863,8,10
"x4534y4863",4534,4863,10,10
"x5034y4863",5034,4863,11,10
"x5534y4863",5534,4863,12,10
"x6034y4863",6034,4863,13,10
"x6534y4863",6534,4863,14,10
"x7034y4863",7034,4863,15,10
"x7534y4863",7534,4863,16,10
"x8034y4863",8034,4863,17,10
"x8534y4863",8534,4863,18,10
"x9034y4863",9034,4863,19,10
"x9534y4863",9534,4863,20,10
"x10034y4863",10034,4863,21,10
"x10534y4863",10534,4863,22,10
"x34y5363",34,5363,1,11
"x534y5363",534,5363,2,11
"x1034y5363",1034,5363,3,11
"x1534y5363",1534,5363,4,11
"x2034y5363",2034,5363,5,11
"x2534y5363",2534,5363,6,11
"x3034y5363",3034,5363,7,11
"x3534y5363",3534,5363,8,11
"x4534y5363",4534,5363,10,11
"x5034y5363",5034,5363,11,11
"x5534y5363",5534,5363,12,11
"x6034y5363",6034,5363,13,11
"x6534y5363",6534,5363,14,11
"x7034y5363",7034,5363,15,11
"x8534y5363",8534,5363,18,11
"x9034y5363",9034,5363,19,11
"x9534y5363",9534,5363,20,11
"x10034y5363",10034,5363,21,11
"x34y5863",34,5863,1,12
"x534y5863",534,5863,2,12
"x1034y5863",1034,5863,3,12
"x1534y5863",1534,5863,4,12
"x2034y5863",2034,5863,5,12
"x2534y5863",2534,5863,6,12
"x3034y5863",3034,5863,7,12
"x3534y5863",3534,5863,8,12
"x4534y5863",4534,5863,10,12
"x5034y5863",5034,5863,11,12
"x5534y5863",5534,5863,12,12
"x6534y5863",6534,5863,14,12
"x7034y5863",7034,5863,15,12
"x7534y5863",7534,5863,16,12
"x8034y5863",8034,5863,17,12
"x8534y5863",8534,5863,18,12
"x9034y5863",9034,5863,19,12
"x9534y5863",9534,5863,20,12
"x10034y5863",10034,5863,21,12
"x10534y5863",10534,5863,22,12
"x34y6363",34,6363,1,13
"x534y6363",534,6363,2,13
"x1034y6363",1034,6363,3,13
"x1534y6363",1534,6363,4,13
"x2034y6363",2034,6363,5,13
"x2534y6363",2534,6363,6,13
"x3034y6363",3034,6363,7,13
"x3534y6363",3534,6363,8,13
"x4534y6363",4534,6363,10,13
"x5034y6363",5034,6363,11,13
"x5534y6363",5534,6363,12,13
"x6034y6363",6034,6363,13,13
"x6534y6363",6534,6363,14,13
"x7034y6363",7034,6363,15,13
"x7534y6363",7534,6363,16,13
"x8034y6363",8034,6363,17,13
"x8534y6363",8534,6363,18,13
"x9034y6363",9034,6363,19,13
"x9534y6363",9534,6363,20,13
"x10034y6363",10034,6363,21,13
"x10534y6363",10534,6363,22,13
"x34y6863",34,6863,1,14
"x534y6863",534,6863,2,14
"x1534y6863",1534,6863,4,14
"x2034y6863",2034,6863,5,14
"x2534y6863",2534,6863,6,14
"x3034y6863",3034,6863,7,14
"x3534y6863",3534,6863,8,14
"x5034y6863",5034,6863,11,14
"x5534y6863",5534,6863,12,14
"x6034y6863",6034,6863,13,14
"x6534y6863",6534,6863,14,14
"x7034y6863",7034,6863,15,14
"x7534y6863",7534,6863,16,14
"x8034y6863",8034,6863,17,14
"x8534y6863",8534,6863,18,14
"x9034y6863",9034,6863,19,14
"x9534y6863",9534,6863,20,14
"x10534y6863",10534,6863,22,14
"x34y7363",34,7363,1,15
"x1034y7363",1034,7363,3,15
"x1534y7363",1534,7363,4,15
"x2034y7363",2034,7363,5,15
"x3534y7363",3534,7363,8,15
"x4534y7363",4534,7363,10,15
"x5034y7363",5034,7363,11,15
"x5534y7363",5534,7363,12,15
"x6534y7363",6534,7363,14,15
"x7034y7363",7034,7363,15,15
"x7534y7363",7534,7363,16,15
"x8034y7363",8034,7363,17,15
"x8534y7363",8534,7363,18,15
"x9034y7363",9034,7363,19,15
"x9534y7363",9534,7363,20,15
"x10534y7363",10534,7363,22,15
"x34y7863",34,7863,1,16
"x534y7863",534,7863,2,16
"x1034y7863",1034,7863,3,16
"x1534y7863",1534,7863,4,16
"x2034y7863",2034,7863,5,16
"x2534y7863",2534,7863,6,16
"x3034y7863",3034,7863,7,16
"x4534y7863",4534,7863,10,16
"x5034y7863",5034,7863,11,16
"x5534y7863",5534,7863,12,16
"x6034y7863",6034,7863,13,16
"x6534y7863",6534,7863,14,16
"x7034y7863",7034,7863,15,16
"x7534y7863",7534,7863,16,16
"x8034y7863",8034,7863,17,16
"x8534y7863",8534,7863,18,16
"x9034y7863",9034,7863,19,16
"x9534y7863",9534,7863,20,16
"x10034y7863",10034,7863,21,16
"x10534y7863",10534,7863,22,16
"x34y8363",34,8363,1,17
"x534y8363",534,8363,2,17
"x1034y8363",1034,8363,3,17
"x2034y8363",2034,8363,5,17
"x2534y8363",2534,8363,6,17
"x3034y8363",3034,8363,7,17
"x4534y8363",4534,8363,10,17
"x5034y8363",5034,8363,11,17
"x6034y8363",6034,8363,13,17
"x6534y8363",6534,8363,14,17
"x7034y8363",7034,8363,15,17
"x7534y8363",7534,8363,16,17
"x8034y8363",8034,8363,17,17
"x8534y8363",8534,8363,18,17
"x9034y8363",9034,8363,19,17
"x9534y8363",9534,8363,20,17
"x10034y8363",10034,8363,21,17
"x10534y8363",10534,8363,22,17
"x34y8863",34,8863,1,18
"x534y8863",534,8863,2,18
"x1034y8863",1034,8863,3,18
"x2034y8863",2034,8863,5,18
"x2534y8863",2534,8863,6,18
"x3034y8863",3034,8863,7,18
"x4534y8863",4534,8863,10,18
"x5034y8863",5034,8863,11,18
"x5534y8863",5534,8863,12,18
"x6034y8863",6034,8863,13,18
"x6534y8863",6534,8863,14,18
"x7034y8863",7034,8863,15,18
"x7534y8863",7534,8863,16,18
"x8034y8863",8034,8863,17,18
"x8534y8863",8534,8863,18,18
"x9034y8863",9034,8863,19,18
"x9534y8863",9534,8863,20,18
"x10034y8863",10034,8863,21,18
"x10534y8863",10534,8863,22,18
"x34y9363",34,9363,1,19
"x534y9363",534,9363,2,19
"x1034y9363",1034,9363,3,19
"x1534y9363",1534,9363,4,19
"x2034y9363",2034,9363,5,19
"x2534y9363",2534,9363,6,19
"x3534y9363",3534,9363,8,19
"x4534y9363",4534,9363,10,19
"x5034y9363",5034,9363,11,19
"x5534y9363",5534,9363,12,19
"x6034y9363",6034,9363,13,19
"x6534y9363",6534,9363,14,19
"x7034y9363",7034,9363,15,19
"x7534y9363",7534,9363,16,19
"x8034y9363",8034,9363,17,19
"x8534y9363",8534,9363,18,19
"x9034y9363",9034,9363,19,19
"x9534y9363",9534,9363,20,19
"x10034y9363",10034,9363,21,19
"x10534y9363",10534,9363,22,19
"x34y9863",34,9863,1,20
"x534y9863",534,9863,2,20
"x1034y9863",1034,9863,3,20
"x1534y9863",1534,9863,4,20
"x2034y9863",2034,9863,5,20
"x2534y9863",2534,9863,6,20
"x3034y9863",3034,9863,7,20
"x3534y9863",3534,9863,8,20
"x4534y9863",4534,9863,10,20
"x5034y9863",5034,9863,11,20
"x5534y9863",5534,9863,12,20
"x6034y9863",6034,9863,13,20
"x6534y9863",6534,9863,14,20
"x7034y9863",7034,9863,15,20
"x7534y9863",7534,9863,16,20
"x8034y9863",8034,9863,17,20
"x8534y9863",8534,9863,18,20
"x9034y9863",9034,9863,19,20
"x9534y9863",9534,9863,20,20
"x10034y9863",10034,9863,21,20
"x10534y9863",10534,9863,22,20
"x34y10363",34,10363,1,21
"x534y10363",534,10363,2,21
"x1034y10363",1034,10363,3,21
"x1534y10363",1534,10363,4,21
"x2034y10363",2034,10363,5,21
"x2534y10363",2534,10363,6,21
"x3034y10363",3034,10363,7,21
"x3534y10363",3534,10363,8,21
"x4534y10363",4534,10363,10,21
"x5034y10363",5034,10363,11,21
"x5534y10363",5534,10363,12,21
"x6034y10363",6034,10363,13,21
"x6534y10363",6534,10363,14,21
"x7034y10363",7034,10363,15,21
"x7534y10363",7534,10363,16,21
"x8034y10363",8034,10363,17,21
"x8534y10363",8534,10363,18,21
"x9034y10363",9034,10363,19,21
"x9534y10363",9534,10363,20,21
"x10034y10363",10034,10363,21,21
"x10534y10363",10534,10363,22,21
"x34y10863",34,10863,1,22
"x534y10863",534,10863,2,22
"x1034y10863",1034,10863,3,22
"x1534y10863",1534,10863,4,22
"x2034y10863",2034,10863,5,22
"x2534y10863",2534,10863,6,22
"x3034y10863",3034,10863,7,22
"x3534y10863",3534,10863,8,22
"x4534y10863",4534,10863,10,22
"x5034y10863",5034,10863,11,22
"x5534y10863",5534,10863,12,22
"x6034y10863",6034,10863,13,22
"x6534y10863",6534,10863,14,22
"x7034y10863",7034,10863,15,22
"x7534y10863",7534,10863,16,22
"x8034y10863",8034,10863,17,22
"x8534y10863",8534,10863,18,22
"x9034y10863",9034,10863,19,22
"x9534y10863",9534,10863,20,22
"x10034y10863",10034,10863,21,22
"x10534y10863",10534,10863,22,22
"x34y11363",34,11363,1,23
"x534y11363",534,11363,2,23
"x1034y11363",1034,11363,3,23
"x1534y11363",1534,11363,4,23
"x2034y11363",2034,11363,5,23
"x2534y11363",2534,11363,6,23
"x3034y11363",3034,11363,7,23
"x3534y11363",3534,11363,8,23
"x4534y11363",4534,11363,10,23
"x5034y11363",5034,11363,11,23
"x5534y11363",5534,11363,12,23
"x6034y11363",6034,11363,13,23
"x6534y11363",6534,11363,14,23
"x7034y11363",7034,11363,15,23
"x7534y11363",7534,11363,16,23
"x8034y11363",8034,11363,17,23
"x8534y11363",8534,11363,18,23
"x9034y11363",9034,11363,19,23
"x9534y11363",9534,11363,20,23
"x10034y11363",10034,11363,21,23
"x10534y11363",10534,11363,22,23
"x34y11863",34,11863,1,24
"x534y11863",534,11863,2,24
"x1034y11863",1034,11863,3,24
"x1534y11863",1534,11863,4,24
"x2034y11863",2034,11863,5,24
"x2534y11863",2534,11863,6,24
"x3034y11863",3034,11863,7,24
"x3534y11863",3534,11863,8,24
"x4534y11863",4534,11863,10,24
"x5034y11863",5034,11863,11,24
"x5534y11863",5534,11863,12,24
"x6034y11863",6034,11863,13,24
"x6534y11863",6534,11863,14,24
"x7034y11863",7034,11863,15,24
"x8034y11863",8034,11863,17,24
"x8534y11863",8534,11863,18,24
"x9034y11863",9034,11863,19,24
"x9534y11863",9534,11863,20,24
"x10034y11863",10034,11863,21,24
"x10534y11863",10534,11863,22,24
"x34y12363",34,12363,1,25
"x1034y12363",1034,12363,3,25
"x1534y12363",1534,12363,4,25
"x2034y12363",2034,12363,5,25
"x2534y12363",2534,12363,6,25
"x3034y12363",3034,12363,7,25
"x3534y12363",3534,12363,8,25
"x4534y12363",4534,12363,10,25
"x5034y12363",5034,12363,11,25
"x5534y12363",5534,12363,12,25
"x6034y12363",6034,12363,13,25
"x6534y12363",6534,12363,14,25
"x7034y12363",7034,12363,15,25
"x7534y12363",7534,12363,16,25
"x8034y12363",8034,12363,17,25
"x8534y12363",8534,12363,18,25
"x9034y12363",9034,12363,19,25
"x9534y12363",9534,12363,20,25
"x10034y12363",10034,12363,21,25
"x10534y12363",10534,12363,22,25
"x34y12863",34,12863,1,26
"x534y12863",534,12863,2,26
"x1034y12863",1034,12863,3,26
"x1534y12863",1534,12863,4,26
"x2034y12863",2034,12863,5,26
"x2534y12863",2534,12863,6,26
"x3034y12863",3034,12863,7,26
"x3534y12863",3534,12863,8,26
"x4534y12863",4534,12863,10,26
"x5034y12863",5034,12863,11,26
"x5534y12863",5534,12863,12,26
"x6034y12863",6034,12863,13,26
"x6534y12863",6534,12863,14,26
"x7034y12863",7034,12863,15,26
"x7534y12863",7534,12863,16,26
"x8034y12863",8034,12863,17,26
"x9034y12863",9034,12863,19,26
"x34y13363",34,13363,1,27
"x534y13363",534,13363,2,27
"x1034y13363",1034,13363,3,27
"x1534y13363",1534,13363,4,27
"x2034y13363",2034,13363,5,27
"x2534y13363",2534,13363,6,27
"x3034y13363",3034,13363,7,27
"x3534y13363",3534,13363,8,27
"x4534y13363",4534,13363,10,27
"x5034y13363",5034,13363,11,27
"x9034y13363",9034,13363,19,27
"x34y13863",34,13863,1,28
"x534y13863",534,13863,2,28
"x1034y13863",1034,13863,3,28
"x1534y13863",1534,13863,4,28
"x2034y13863",2034,13863,5,28
"x2534y13863",2534,13863,6,28
"x3034y13863",3034,13863,7,28
"x3534y13863",3534,13863,8,28
"x7034y13863",7034,13863,15,28
"x7534y13863",7534,13863,16,28
"x1034y14363",1034,14363,3,29
"x1534y14363",1534,14363,4,29
"x2034y14363",2034,14363,5,29
"x2534y14363",2534,14363,6,29
"x3034y14363",3034,14363,7,29
"x3534y14363",3534,14363,8,29
"x2034y14863",2034,14863,5,30
"x2534y14863",2534,14863,6,30
"x3034y14863",3034,14863,7,30
"x3034y15363",3034,15363,7,31
"x3534y15363",3534,15363,8,31
"x1534y15863",1534,15863,4,32
