,Astro,Endo,Micro,Oligo,PVALB,SST,Smc,eL2/3,eL4,eL5,eL6
x34y50,0.16316311224683,0.157258206915311,0.0348033949581984,0,0,0.206353874133863,0,0,0,0.108327716237486,0.330093695508311
x534y50,0.715192767968151,0,0,0,0.0980294950753912,0,0.045322923508929,0.0624686116127498,0.0534826410543037,0,0.0255035607804758
x1034y50,0.63483610980262,0,0.0478481983543624,0,0.022180443734224,0,0,0.159654652325004,0,0.135480595783789,0
x1534y50,0.733500549916242,0,0,0,0.0512804746373371,0.0233446413005097,0.172093057747852,0,0,0,0.0197812763980594
x2034y50,0.88879614376681,0,0,0,0,0,0,0.11120385623319,0,0,0
x3034y50,0.0286302117131869,0.0177029144902066,0.304029742890079,0,0,0.504958449670661,0,0,0,0.144678681235867,0
x34y550,0.0436649966145393,0.0354299266664859,0.0200470274501154,0.709840041127731,0.0885415149203916,0.0317021994524072,0,0.0707742937683296,0,0,0
x534y550,0.034575652856438,0,0,0,0.588683966203254,0.376740380940308,0,0,0,0,0
x1534y550,0,0,0.0674133266893268,0,0,0.538711679316563,0.0145853130289622,0.0592268198380829,0,0.320062861127065,0
x2534y550,0.637625560388207,0,0.156116908877573,0,0,0.169176783099753,0,0,0,0,0.0370807476344674
x4534y550,0.67930832108719,0,0,0,0.191793442480461,0,0.0214337073231755,0.0299639771357404,0.0426026693706285,0,0.0348978826028049
x5534y550,0.413020328649784,0,0,0,0,0.402844267047211,0.184135404303005,0,0,0,0
x6034y550,0.0106180402814323,0,0.69465738600157,0,0,0.131973378752741,0,0,0,0.162751194964257,0
x7034y550,0.0794643365299836,0.00419026164339556,0.258015531557877,0.247313181380778,0,0,0,0.0981562253054829,0,0.312860463582482,0
x8034y550,0.130826272559178,0.580562681764471,0.0380021339906761,0,0,0.112999330857045,0,0,0,0,0.137609580828631
x8534y550,0.0496122566757899,0,0.0283586978190896,0,0,0.492296068806482,0.31696170452357,0,0.112771272175069,0,0
x9034y550,0,0.117346301809267,0.0805528145701254,0,0.393897238747943,0.390052773622454,0,0,0,0.0181508712502111,0
x9534y550,0,0,0,0,0.348745409147965,0.339892652233446,0.0554708025454415,0,0,0.255891136073147,0
x10034y550,0.433311802275423,0,0.137658504539411,0.245672391820329,0,0.0993151865350376,0,0,0.0132809933090652,0.0314578097936445,0.0393033117270907
x34y1050,0.0186884446228607,0.0762280170419933,0,0,0.381331884809245,0.508680545012343,0,0,0,0.0150711085135582,0
x1034y1050,0.48209539349711,0,0,0,0.0542237089326389,0,0.0112902032262475,0,0.156768574156025,0.295622120187979,0
x1534y1050,0,0.0903578764454001,0.0281167777792375,0,0,0.25579390986202,0,0,0,0.625731435913342,0
x2034y1050,0.637411681927814,0.0371551810604008,0,0.0831668246424596,0,0.0392363678447727,0,0.0280491381700636,0.0182969142474971,0.121075056591039,0.0356088355159538
x3034y1050,0.101251552253962,0,0.873084033758031,0,0,0.00971614942641737,0,0,0.0159482645615895,0,0
x3534y1050,0.695530911927013,0.0817504289102469,0,0,0.0708466199342677,0,0.0197025426691717,0,0.0342252825343591,0,0.097944214024942
x4534y1050,0,0.398916583182873,0,0,0.150131464438902,0.20685398651326,0.147608017736128,0,0,0,0.0964899481288373
x5034y1050,0.661347100430718,0,0,0,0,0.319629633598711,0,0,0.0190232659705714,0,0
x5534y1050,0.146935656275055,0,0.418694647467747,0,0.123325546324889,0.0844653595093253,0,0.134868954127047,0,0.0917098362959367,0
x7034y1050,0.044623284404235,0.170831917260496,0.07709564110172,0,0.0458102018369689,0.102776291222259,0.105535462086897,0,0,0.453327202087424,0
x7534y1050,0.267984373035184,0,0.0715885649261405,0,0,0.4539631156776,0.167020573560093,0,0,0.0394433728009823,0
x8034y1050,0.26979865251491,0.140621764065013,0.0896226104440228,0.0769159164055174,0,0.280069318803636,0,0,0,0.142971737766901,0
x8534y1050,0,0,0,0.940506454770581,0,0.0174460959354246,0,0.0420474492939946,0,0,0
x9034y1050,0.66815295769325,0,0,0.0981769564777074,0,0.233670085829042,0,0,0,0,0
x9534y1050,0.0146646179610954,0.169425655306038,0,0,0,0.809034859367111,0.00687486736575521,0,0,0,0
x10034y1050,0.497867132378213,0,0.287663869896034,0,0,0.188394686374322,0.0260743113514314,0,0,0,0
x10534y1050,0.386733944790978,0,0,0.571855603854834,0,0,0,0,0,0.0414104513541881,0
x34y1550,0.107942952639064,0,0,0.763814897445247,0.0752654852346922,0,0,0,0,0.0529766646809968,0
x534y1550,0,0,0.250880836299135,0.647691679360795,0.0183426512291997,0,0.0830848331108702,0,0,0,0
x1034y1550,0.485192942767986,0,0,0.167074862108531,0.0693746655515139,0,0.278357529571969,0,0,0,0
x2034y1550,0.0580791718723922,0.84113871557292,0,0,0.0944015972600831,0.0063805152946046,0,0,0,0,0
x4534y1550,0.323365088767364,0,0,0.286735810729974,0,0.102491223909321,0.287407876593341,0,0,0,0
x5034y1550,0.678809149532448,0,0.122541446280613,0,0.08531515141626,0.02537816671485,0.0879560860558287,0,0,0,0
x5534y1550,0.229222844248471,0,0,0.395943775001574,0,0.282019287776713,0.0928140929732421,0,0,0,0
x6034y1550,0.0122140453512085,0,0,0.726734786033622,0.190523537480697,0.053250609912755,0.0172770212217177,0,0,0,0
x6534y1550,0.38495189272549,0,0.0229583702551477,0.399280924674181,0.0119337899910109,0,0.180875022354171,0,0,0,0
x7034y1550,0,0,0.0506780159072999,0.590855046313108,0,0.358466937779592,0,0,0,0,0
x7534y1550,0.63271717533987,0,0,0.299254149844616,0,0.0680286748155136,0,0,0,0,0
x8034y1550,0.751558762309332,0.0538739588585643,0.0300995698602981,0.00820011884786574,0.0805983915570511,0,0.0756691985668889,0,0,0,0
x8534y1550,0,0,0.053901813271505,0.857366752322955,0.0253220393291764,0,0.0109222555527612,0.0091798131223784,0,0,0.0433073264012236
x9034y1550,0.127700658163971,0.02018940661106,0,0.586894471425679,0.102960763581468,0,0.130083362839993,0,0,0,0.0321713373778285
x9534y1550,0.266646736943005,0.00955688111431924,0.110266653894135,0.452957008054897,0.0540272755157848,0.106545444477859,0,0,0,0,0
x10034y1550,0,0.0650892895602292,0.065816331851174,0.581396111638354,0.145282639875252,0.0305569569561068,0.0366715186303132,0,0,0,0.07518715148857
x10534y1550,0,0,0,0.913680865815713,0.0731126018301214,0,0,0,0.0132065323541662,0,0
x34y2050,0.0105808361701252,0,0.0274329228616461,0.743977448603225,0.0456617785670103,0,0.172347013797994,0,0,0,0
x534y2050,0,0.168904080229105,0.128621715020844,0.702474204750052,0,0,0,0,0,0,0
x1034y2050,0.387733774595357,0,0,0.285958477036644,0,0.271156797906365,0.0551509504616336,0,0,0,0
x1534y2050,0,0,0.0261043421293926,0.312190480763578,0,0.615038351917358,0.0466668251896717,0,0,0,0
x5034y2050,0.470526578527287,0,0.0158819688225468,0.346643716465585,0.0416431283036144,0.0470638599539711,0.0486777920242833,0.0134061023418209,0,0,0.0161568535608916
x5534y2050,0.0241594637681679,0,0,0.899356185802601,0.0062828209972555,0,0.0702015294319756,0,0,0,0
x6034y2050,0.247706842019826,0.0106973973428151,0.123980765111522,0.529889236893195,0,0.0877257586326421,0,0,0,0,0
x6534y2050,0.508845900203813,2.91161481785656e-10,0,0.0363183458352358,0.0306578003834001,0,0.290771603780654,0,0.041388966852779,0,0.0920173826529569
x7034y2050,0,0,0.242156460468342,0.670328907699614,0,0,0,0.0279457051851185,0,0.0595689266469252,0
x7534y2050,0,0,0.0371757483538443,0.590939758690977,0.0587735805579621,0,0.0771801920736654,0,0.0927663230028944,0.143164397320657,0
x8034y2050,0.317045889366303,0,0.151180856788217,0.522899215029028,0.00887403881645142,0,0,0,0,0,0
x8534y2050,0.660200778539642,0,0,0.310412531178153,0,0,0.0216213149800939,0,0,0,0.00776537530211098
x9034y2050,0.00375352620031843,0,0,0.809422046711195,0.135808300707668,0,0.00312530723072769,0,0,0.0478908191500911,0
x9534y2050,0,0,0,0.92115816600105,0.0204820630943795,0,0.0505640666039712,0,0,0,0.00779570430059881
x10034y2050,0,0,0,0.838188313625863,0.109630493389362,0,0.0521811929847757,0,0,0,0
x10534y2050,0,0,0.0423908100875491,0.855903854236908,0.0369386302246275,0.0202916949553441,0.0444750104955712,0,0,0,0
x34y2550,0,0,0.0997464772149305,0.692076485869773,0,0.0410329194164429,0.102400651323939,0.0289526712935233,0,0,0.0357907948813914
x534y2550,0,0,0.0930374146275768,0.729154821183454,0.100058471032061,0,0.0777492931569084,0,0,0,0
x1034y2550,0.00833783283718052,0,0.0762577503228526,0.834303909198816,0,0.00462133656236352,0.0764791710787871,0,0,0,0
x1534y2550,0.0104195512645761,0,0,0.701374067865606,0.0636291037248431,0,0.224577277144975,0,0,0,0
x2034y2550,0,0,0,0.785345660512263,0.117756291088119,0.0314994767125095,0.012132932190159,0,0,0.0188750118321441,0.0343906276648047
x2534y2550,0.430114388915846,0.129528434287163,0,0.0380546957371525,0.0309628089419131,0,0.355889946324833,0,0,0.0154497257930927,0
x3034y2550,0.278066402731437,0.00932992611809672,0.228577147770747,0,0.392704988147371,0,0,0,0,0.0913215352323483,0
x4534y2550,0.0257124638057966,0.00481635958821387,0,0.890923431483866,0,0.0297412727266501,0,0.0488064723954733,0,0,0
x5034y2550,0.103230555565977,0,0.154917850411269,0.234191599962605,0,0.10999096312235,0.19419818110015,0.0360989910576285,0.0922048172207675,0,0.0751670415592528
x5534y2550,0.037226953889995,0,0,0.695918755672669,0.0276521482948636,0.061208688848375,0.104911153828393,0,0,0.0730822994657038,0
x6034y2550,0,0,0.199024225023632,0.6996153732006,0.0125399266154884,0,0.0888204751602793,0,0,0,0
x6534y2550,0,0.00527179741140864,0.0767096708848283,0.500348151015644,0.0592173359783001,0.0205708641197642,0.337882180590055,0,0,0,0
x7034y2550,0,0,0.20479550232795,0.624287579981002,0.0563529364865461,0.0632990468517892,0.0176112923956062,0,0,0.0336536419571071,0
x7534y2550,0.0579966271701061,0,0.0268606461331269,0.870546774658673,0,0,0.0445959520380945,0,0,0,0
x8034y2550,0,0,0,0.753601874954695,0.0382680362301198,0.00477641320704201,0.166736730363098,0,0,0.0366169452450452,0
x8534y2550,0,0.010057248277349,0,0.879079271082717,0.031515597335025,0,0.0489981058678393,0.0130214920612029,0,0,0.0173282853758672
x9034y2550,0,0,0.29291889227019,0.514123932885607,0.0994511736634366,0.0150945529563045,0,0,0,0.0458155431453587,0.0325959050791028
x9534y2550,0,0,0,0.931471668356593,0,0.0454292841434124,0,0,0,0.023099047499995,0
x10034y2550,0,0,0,0.931262571602726,0.0448664325732744,0,0.00450092344134522,0,0.0193700723826543,0,0
x10534y2550,0,0.0189404570740122,0.0935985973661418,0.680333931652535,0.1586328671954,0,0.0484941467119111,0,0,0,0
x34y3050,0,0,0.0346461258776886,0.28993350872567,0.18472691958474,0,0.199398438579068,0,0,0,0.291295007232835
x534y3050,0,0,0.0447847386808553,0.887961057089346,0.0254170892185084,0.00981546271373667,0.0320216522975534,0,0,0,0
x1034y3050,0.0134200385016183,0,0,0.924435944445343,0,0.0144399585898861,0,0.0142743127695627,0,0,0.0334297456935897
x1534y3050,0,0,0.0495793349166072,0.718670228082372,0,0,0.231750437001021,0,0,0,0
x2034y3050,0.00875097341497597,0.0120930534681718,0,0.895803072918628,0.00409837559384292,0,0.079254524604381,0,0,0,0
x2534y3050,0,0,0.287438891184676,0.546238941987615,0,0.0362287283318324,0.130093438495876,0,0,0,0
x3034y3050,0,0,0.146637344980594,0.715385616656056,0,0.0226443717544763,0.0717842675941985,0,0,0.0435483990146756,0
x3534y3050,0.0397966121857112,0,0,0.404965026071997,0,0.325835986568813,0.229402375173478,0,0,0,0
x4534y3050,0.0554755464269671,0,0.0218988892359265,0.839488443797674,0,0.00909256007409433,0.0740445604653387,0,0,0,0
x5034y3050,0.305118621262855,0,0,0.497486208850368,0,0.0242050274455264,0.17319014244125,0,0,0,0
x5534y3050,0,0,0.244730042784792,0.730622359698368,0,0.0246475975168406,0,0,0,0,0
x6034y3050,0.437432293001202,0,0,0.238242254267221,0.0121377497301546,0,0.28078042648457,0.0142636987171394,0.0171435777997134,0,0
x6534y3050,2.13810466736723e-10,0,0,0.778891320848255,0.0672174130255666,0.0476727840434476,0.0438553086208447,0,0.0234674686397191,0.0388957046083568,0
x7034y3050,0,0,0.0647041726839037,0.645373771665332,0.0604714410584776,0.0155952998077925,0.202777219323936,0,0,0,0.0110780954605584
x7534y3050,0.350504604453224,0,0,0.565087105649631,0.016048970267377,0,0.0683593196297672,0,0,0,0
x8034y3050,0,0,0.0944026375810579,0.535476329769268,0,0.060843961344847,0.268538914254238,0,0,0.0407381570505884,0
x8534y3050,0.0371368858241638,0,0.189665508481571,0.391937322666685,0.0491134852174869,0,0,0,0,0.0975434359372932,0.2346033618728
x9034y3050,0,0.133516273636377,0.136410534325444,0.17155567077822,0,0.0907659886831357,0.164502028251276,0,0,0.115097582773461,0.188151921552086
x9534y3050,0,0,0.285244489500902,0.148845367252803,0,0.242574560265962,0,0,0,0,0.323335582980332
x10034y3050,0.0950073951681149,0.0804793825255641,0,0.0966796108361987,0,0.191759615951103,0,0,0,0.163960695987728,0.372113299531291
x10534y3050,0.0029180253560384,0,0.238077483541262,0.0326220722621678,0,0.162197388330476,0,0,0,0,0.564185030510055
x34y3550,0,0,0.0545611226497041,0.0105096062932926,0,0,0.0786439200671592,0,0,0,0.856285350989844
x534y3550,0.435246486637913,0.0696208188941231,0,0.294758676992501,0.0133196222725177,0,0.187054395202946,0,0,0,0
x1034y3550,0,0,0,0.908355348060202,0.0775450265437211,0,0.0140996253960767,0,0,0,0
x1534y3550,0.185881459284475,0,0,0.583532551320021,0,0,0.230585989395504,0,0,0,0
x2034y3550,0,0,0,0.760924096762394,0.0381041570385195,0,0.200971746199086,0,0,0,0
x2534y3550,0.023467621170216,0,0,0.830418946383832,0,0.0367358905444518,0.0970083452330092,0,0,0.0123691966684911,0
x3034y3550,0.107279627813017,0,0,0.478403205962981,0,0,0.414317166224002,0,0,0,0
x3534y3550,0.484102387769176,0.336393677019836,0,0.00298339206662654,0.164102381286543,0,0,0,0,0,0.0124181618578183
x4534y3550,0,0.0900513733003877,0.0842494752085306,0.0262760787257441,0.0763360355113538,0.155914852825495,0.0746314271231147,0,0,0.102670582800466,0.389870174504908
x5034y3550,0,0.103216091508349,0,0,0,0.636336540751107,0.109389993029123,0,0.0208427341655519,0,0.130214640545869
x5534y3550,0.126220962844742,0,0,0.231435602170271,0,0,0.281080749210138,0,0,0,0.361262685774849
x6034y3550,0,0,0.148478248370789,0.152015386282507,0.164829687664444,0,0,0,0,0.161136614037343,0.373540063644917
x6534y3550,0.0460049733536557,0.185954883971779,0.0857154737563278,0.0586744523798734,0.0473327415245505,0,0.0745123836638488,0,0,0,0.501805091349965
x7034y3550,0,0.0761250280579549,0.0594766384561481,0.171204507505213,0.1516443274953,0,0,0,0,0,0.541549498485384
x7534y3550,0,0.20415565782225,0.152337488895406,0.0089693513167703,0.0793922412014559,0.187337381795099,0,0,0,0.0793727284411173,0.288435150527902
x8034y3550,0.210641762537295,0.081547396404899,0.137695396226144,0,0.0605840226977806,0,0,0,0,0.104000084714654,0.405531337419228
x8534y3550,0,0.193151650143771,0,0.037823436015006,0.194526215834565,0,0.00993225510116207,0,0,0.16274718501301,0.401819257892486
x9034y3550,0,0,0.0854584731642292,0,0,0,0.0340917970075603,0,0.115926024510566,0,0.764523705317645
x9534y3550,0,0.0301760769106143,0.0481671907826162,0,0,0.0860284889258529,0.0500679369214704,0,0,0.301294659200971,0.484265647258475
x10034y3550,0.078138913683759,0.207038354932782,0,0,0.14420147952427,0.184207492260016,0,0,0,0,0.386413759599174
x10534y3550,0,0.100587862549432,0.0302480227622755,0.0414577549639226,0,0.0593446097978797,0.109410653630727,0,0,0,0.658951096295763
x34y4050,0,0.0639833918885882,0,0.154814155486571,0,0.048775146895072,0.122929109293063,0,0,0.0770493569164897,0.532448839520216
x534y4050,0,0.174477887020223,0,0.0444304225663047,0.0495340345156666,0,0.166793868267542,0,0,0,0.564763787630263
x1034y4050,0.102048999675133,0.0668253447246435,0,0.375782487443567,0.0418276889120309,0,0.0766214550865127,0,0,0,0.336894024158112
x1534y4050,0.00714637892083185,0.105838103664992,0,0.217264185104062,0,0.0425665255490891,0.12301567866089,0,0,0.159272453346171,0.344896674753965
x2034y4050,0.0552542457943274,0,0,0.737798074976118,0.0542667252264756,0,0,0.0242548290011433,0,0.128426125001936,0
x2534y4050,0.182514974255839,0,0,0.678314292685685,0.0358635373976587,0,0.103307195660818,0,0,0,0
x3034y4050,0.0871553637155256,0.06978312171237,0,0.774294887269128,0,0,0.0687666273029767,0,0,0,0
x3534y4050,0.00625523605709753,0,0,0.739567359494588,0.128726832060731,0,0.102857281495687,0,0,0.0225932908918965,0
x4534y4050,0.0606713339991416,0,0.264627893284691,0,0,0,0,0,0,0,0.674700772716167
x5034y4050,0.0146046460016379,0.108285228101727,0.0601273535130221,0.0375747660272444,0,0.0680984122677446,0.0684110682361492,0,0,0,0.642898525852475
x5534y4050,0.162287836366869,0.078755109052628,0.124495671033752,0,0.0171801190674037,0,0.0645856094157973,0,0,0.145422576506145,0.407273078557405
x6034y4050,0,0.0179145026054245,0.438652712338821,0,0,0.0672549939908915,0.0301015701354192,0,0,0,0.446076220929444
x6534y4050,0,0.0427197013743741,0.0448725467815599,0,0,0.194403302334416,0.00613721191687479,0,0,0,0.711867237592775
x7034y4050,0,0.0340876765860222,0.0548833579152382,0.0166083820619987,0,0.463504193709956,0.0474014275598285,0,0,0.12897263316725,0.254542328999707
x7534y4050,0,0.177413397273971,0.173054671387025,0,0.063373349971221,0.0991649573516056,0,0,0,0,0.486993624016177
x8034y4050,0,0.123071363209724,0,0,0,0.178366409005424,0.110035773803116,0,0,0,0.588526453981736
x8534y4050,0,0,0.221260176255211,0.2388382002107,0,0,0.133421156850035,0,0,0.125050064524499,0.281430402159555
x9034y4050,0.358833230323657,0,0.0291302804185111,0.0154443747013661,0,0.0180310566835299,0,0,0,0.173826021712478,0.404735036160458
x9534y4050,0,0.202684702540888,0,0,0,0.137958977976545,0.0198652112504594,0,0,0,0.639491108232108
x10034y4050,0,0.181797957295787,0,0,0.11951532454307,0.0307051842121162,0,0,0,0.125118121902896,0.542863412046131
x10534y4050,0,0.172106244210206,0,0,0.232487843142993,0.107449743507728,0,0,0,0,0.487956169139073
x34y4550,0,0.161207614064906,0.0279748209758374,0.115074028323958,0.0309416345358523,0,0.0930842936779617,0,0,0.180913887604301,0.390803720817184
x534y4550,0,0.0478885157386964,0,0.00795464006183317,0,0.0937551849747851,0.115366200048218,0,0,0.199496702434632,0.535538756741835
x1034y4550,0,0.0297003452090455,0.133895548879538,0.246385774475922,0.096832808325606,0,0.190149334085505,0.21956736814092,0,0.0834688208834636,0
x1534y4550,0,0.0706949099302104,0.0399626665851771,0.0587256893403343,0,0.189841124773729,0.0744739699443411,0,0,0,0.566301639426208
x2034y4550,0,0.152837826308425,0,0.152684517299907,0.0502885814971264,0,0,0,0,0.175722477888789,0.468466597005752
x2534y4550,0,0.0384310011279624,0,0.264642021428778,0,0.0888722755809144,0.138336836726899,0,0,0.168341686725522,0.301376178409925
x3034y4550,0.435491788945465,0.0807095294285503,0,0.402277997347701,0,0,0.0815206842782839,0,0,0,0
x4534y4550,0,0.169085856979762,0,0.0352222216218608,0,0.206023065530041,0,0,0,0.0629981917551869,0.526670664113149
x5034y4550,0,0.112927767361981,0,0,0,0.173060171070808,0,0.0880557021860615,0,0.116562639899969,0.509393719481181
x5534y4550,0,0,0.0995311092556578,0,0,0.200343993540982,0,0,0,0,0.700124897203361
x6034y4550,0,0.0389029957577966,0.0942646875024827,0,0.0867476288858395,0.0593264496976655,0.0247674278298281,0,0,0,0.695990810326388
x7034y4550,0.256554542899179,0.0893820226353436,0.162575989989551,0,0,0,0,0,0,0.155238010452625,0.336249434023302
x8034y4550,0,0.118865481364321,0,0,0.45244891943402,0,0,0,0,0,0.428685599201659
x8534y4550,0.306611856389893,0.0260853283691984,0.231298882347034,0,0,0.0702495333168428,0.0531501292398679,0,0,0,0.312604270337163
x9034y4550,0,0.0363953209599465,0.172141117470625,0,0,0,0.0520878833528983,0,0,0.235160741728766,0.504214936487763
x9534y4550,0,0.0619944582764266,0,0.0323214012298825,0.103478554340389,0,0,0,0,0.146245217399333,0.655960368753969
x10034y4550,0,0.0398724180691689,0.0525639614104647,0,0,0.123924750351339,0,0,0,0,0.783638870169027
x10534y4550,0,0,0.0548893091157063,0,0,0.0518983249359631,0.0841254139331251,0,0,0.242015921146634,0.567071030868572
x34y5050,0,0.134868128155504,0,0.0235392456638792,0,0.0801599798195566,0.115000288781037,0,0,0,0.646432357580023
x534y5050,0,0.100421191856309,0,0,0,0.208140389402132,0.051429844582195,0,0,0.213635193931912,0.426373380227452
x1034y5050,0,0.219936997005228,0,0,0,0.0260063834714926,0.111649027439344,0,0.0791626173766505,0.24484652214492,0.318398452562365
x1534y5050,0,0,0.0439116572603772,0,0.0542646959910435,0,0.0339522122197695,0,0,0.222622545307044,0.645248889221766
x2034y5050,0,0.0972462266471161,0,0,0.145233707008054,0,0.282189461239384,0,0,0,0.475330605105446
x2534y5050,0,0.0294874499709264,0.0204743543717526,0.181582496665552,0,0,0.0403754802037087,0,0,0.194597945712125,0.533482273075935
x3034y5050,0,0.103193342311247,0,0.309606027487603,0,0,0.11643048776758,0,0,0.109297562352161,0.361472580081409
x3534y5050,0,0.0909534878577943,0.129916417757292,0,0,0.20686019856846,0,0,0,0,0.572269895816453
x4534y5050,0,0,0.189873898920611,0.0345811836762121,0.0918234992664306,0,0.0119487914890706,0,0,0,0.671772626647676
x5034y5050,0,0.188700084619502,0,0.0945914153813325,0,0.10129670773156,0,0,0,0.073861486076814,0.541550306190792
x5534y5050,0,0,0,0,0,0.179838789712556,0.13040284529447,0.121939471458294,0,0,0.567818893534679
x6034y5050,0.202795943014113,0,0.149837148244915,0,0.0617453073318997,0.130708310677486,0,0,0,0,0.454913290731587
x6534y5050,0,0,0,0.00278473975810319,0,0,0.101837966645611,0,0,0.20260997193093,0.692767321665355
x7034y5050,0,0,0.115663294074621,0.0975797891510174,0.11609756675062,0.086212926629169,0,0,0,0.175329798087542,0.40911662530703
x7534y5050,0.361374988968924,0.138062330074268,0,0,0.123505707509051,0.019271076232612,0,0,0,0,0.357785897215145
x8034y5050,0,0.0330559942579962,0,0.0381326575260986,0.65872458982089,0,0.0920440782084116,0,0,0,0.178042680186604
x8534y5050,0,0,0.43627020446341,0,0.101233707157734,0.0292040256589298,0,0,0.232482151381204,0,0.200809911338723
x9034y5050,0.00455086916176093,0.0229020445717514,0.151958962247729,0.00925821272751369,0,0.0930962383125712,0,0,0,0,0.718233672978674
x9534y5050,0,0.139267172466845,0.169083473142734,0.0789473043809169,0.0611537347727236,0,0.0397751321845993,0,0,0,0.511773183052181
x10034y5050,0.0508187732246452,0.102222025923456,0,0,0.07343085921304,0.0639707336343786,0.139871134827296,0,0.0745567325537542,0.244965375932058,0.250164364691372
x10534y5050,0.0630867852644346,0.0488465535418627,0,0,0,0.308505946394165,0,0,0.160713993595064,0.418846721204474,0
x34y5550,0,0,0.0783756626668703,0.0111845142905086,0,0,0.0119790188933091,0.122015702569022,0.155145658958668,0,0.621299442621622
x534y5550,0.167776752244751,0,0.270358694469981,0.00462554094703009,0,0,0,0,0.25997919269442,0,0.297259819643818
x1034y5550,0.356826300788543,0.151912679304459,0.293438203037336,0,0,0,0.0284016299483424,0,0,0.16942118692132,0
x1534y5550,0,0.0232860644692291,0.660907377418903,0,0,0,0.00205264603279214,0,0,0.174427159225552,0.139326752853524
x2034y5550,0.141937564368017,0.100266703827917,0,0,0,0,0.171891053889118,0.073057888661754,0,0.178548934407383,0.33429785484581
x2534y5550,0,0.168710954703557,0.0659720821321114,0.142814942769914,0.0809975647875138,0,0.0886988750185596,0,0,0,0.452805580588344
x3034y5550,0.158249920873761,0.0411210374852299,0,0.00973077217053961,0.0837820716886833,0,0.245897721346255,0,0,0.126458698557228,0.334759777878303
x3534y5550,0.010520675875435,0,0.0507609051446778,0.0911987303036507,0,0,0,0,0,0,0.847519688676236
x4534y5550,0,0,0.152594577438164,0.460203621967134,0.0332744238859475,0,0.0194736692077977,0,0,0.1245285656723,0.209925141828656
x5034y5550,0,0,0.203147836174501,0,0,0.253711947647864,0,0,0,0,0.543140216177635
x5534y5550,0,0.267340743395532,0.101801453595993,0,0,0,0,0,0,0,0.630857803008475
x6034y5550,0.488686417467653,0,0.120956142655634,0,0,0,0,0,0,0,0.390357439876712
x6534y5550,0,0.0378697779201946,0.0590300677430101,0,0.355856944377509,0,0.0205312115084383,0,0,0.17714038725411,0.349571611196738
x7034y5550,0.099899130556992,0,0.071557948441835,0,0.165926042551868,0.427040095131727,0,0,0,0,0.235576783317578
x7534y5550,0.0408943517115853,0,0.270897870993627,0,0,0.41497568911583,0,0,0.0369179469728367,0,0.23631414120612
x8034y5550,0.384212874160132,0,0.0279985367465268,0,0,0,0.00824617122732818,0.0882240130380432,0.0820735314604417,0,0.409244873367528
x8534y5550,0,0,0.093092305475408,0.693477799804885,0.0777123095187865,0.0640054575971308,0.0386582444798456,0,0.0330538831239445,0,0
x9034y5550,0.0189616918032547,0.0435926130936453,0.514694345278178,0,0,0.189930552492099,0,0.232820797332822,0,0,0
x9534y5550,0.0455321258868829,0,0.412953725903047,0.0346777997885515,0,0.100604542466144,0.0572336225570633,0.0608391255361806,0,0.288159057862131,0
x10034y5550,0.126962554101485,0,0,0,0.182767463749431,0.0542930214515346,0,0.110403173814653,0,0.525573786882896,0
x34y6050,0.0103676284484429,0.122794620612733,0.176126363521175,0.131683091669712,0.0687624379445066,0,0,0,0,0,0.49026585780343
x534y6050,0.0432022965124586,0.101009722164871,0,0,0,0.617051328666939,0.142283015943729,0,0,0,0.0964536367120023
x1034y6050,0,0.432832559835036,0.0842809088063765,0,0,0,0.284211680199913,0.0835042587540393,0.115170592404635,0,0
x1534y6050,0.00798927126314238,0.135131592785853,0.0346217190971786,0,0,0.0402688014551202,0.0833960179680058,0,0,0.215124846839608,0.483467750591091
x2034y6050,0,0.0272648471768442,0,0.106072404933782,0.0157627202013226,0,0.286371631502689,0,0,0.155452262724505,0.409076133460857
x2534y6050,0,0,0.221489490143726,0.0988232239508951,0.0364152834740756,0.0207621277365972,0.107442100408718,0,0,0,0.515067774285988
x3034y6050,0,0.0377844821172099,0.071621600422992,0,0.068657513676952,0,0.154356888419395,0,0,0,0.667579515363451
x3534y6050,0,0.103662216342078,0.0533230029232266,0.209358818814754,0.0149131413664717,0,0.069502682445521,0,0,0.103718481093565,0.445521657014383
x4534y6050,0.0553353110365315,0.21223419230671,0,0,0,0.219566398550347,0,0,0,0.267688122658668,0.245175975447743
x5034y6050,0.116233304123724,0.196985796063516,0,0,0.0219920227932415,0.0424208271346742,0.0553257785760865,0.246514204735738,0,0,0.32052806657302
x5534y6050,0.11403562616268,0.110546604194157,0.0524878915244183,0.113428725868097,0,0.287871355162699,0,0,0,0.321629797087948,0
x6034y6050,0.683040391742963,0,0,0,0,0.0120097224379163,0,0,0,0,0.30494988581912
x6534y6050,0.0166397991445917,0,0.0964970610272741,0,0,0.113754938336565,0,0,0,0.773108201491569,0
x7034y6050,0,0,0,0.0790880188778219,0.125673729521793,0,0.444688182593855,0,0,0.350550069006531,0
x7534y6050,0.0157273845982937,0.0706255566497071,0,0,0.470878826260989,0.44276823249101,0,0,0,0,0
x8034y6050,0.280132075787395,0.157051265414593,0,0,0,0.172039673495438,0.21655172157086,0,0,0.174225263731714,0
x8534y6050,0,0.160698411952791,0,0.00861110054221227,0,0.440809308632698,0.172103149883532,0.0951329936095817,0,0.122645035379185,0
x9034y6050,0.0321791780134445,0.159302930079031,0.169874447747176,0.270147829026249,0.151085205271587,0,0,0,0,0.217410409862513,0
x9534y6050,0.0180813126541962,0.206354245847937,0,0,0.120906510286337,0.46824014556495,0,0,0,0.18641778564658,0
x10034y6050,0.00347264831968137,0.368429662913408,0,0,0,0.159823716787646,0,0,0,0.468273971979264,0
x10534y6050,0.266983223005795,0.072871621718057,0.128533789135704,0,0,0,0.0660423113924535,0,0,0.46556905474799,0
x534y6550,0,0,0.0535518652146479,0.0677525829074757,0.878695551877876,0,0,0,0,0,0
x1034y6550,0,0.0429684648062008,0,0.0460770028379319,0.326279641142353,0.16934312887019,0.0653689069293031,0.103023777914759,0.189929698249504,0.0570093792497576,0
x1534y6550,0,0.131087597569419,0,0.124280345377636,0,0.216279632191915,0.0515217269653526,0,0.17648190161069,0,0.300348796284988
x2034y6550,0,0.0956855530313427,0,0.0282134650887419,0.351812914950564,0.164831486935702,0.0911454335173977,0,0,0,0.268311146476252
x2534y6550,0.0745112013374644,0.154438969173462,0,0.0261546403253544,0.0378671219993562,0,0.108088943783567,0,0,0,0.598939123380796
x3034y6550,0,0.0834828927190628,0.0970780303737873,0,0.0301362091849251,0,0,0,0,0,0.789302867722225
x3534y6550,0,0.137291569369834,0.109762910828078,0,0.249483245498618,0,0,0,0,0.168154265285683,0.335308009017787
x4534y6550,0.123061635016622,0.0249868161155055,0,0,0.461658978469783,0,0,0,0,0.166552407211192,0.223740163186899
x5034y6550,0.0440187692824342,0.138673830508767,0,0.033462953587615,0,0.298748015224126,0,0.0772184273068648,0,0.239940906318888,0.167937097771305
x5534y6550,0.0545379964806218,0.0370546355826794,0.0725352666353545,0,0,0.027063895817551,0,0.254382256640092,0,0.554425948843701,0
x6034y6550,0.381311279448277,0.0996574040704707,0.0313939404608052,0.194889831684538,0.182679722522095,0.110067821813813,0,0,0,0,0
x6534y6550,0,0.0755848130934883,0.152918717989156,0,0.30323296968354,0,0.174490969381399,0,0,0.293772529852417,0
x7034y6550,0,0.107230090121882,0,0.241964830209325,0.328944862206641,0,0,0,0,0.321860217462152,0
x7534y6550,0,0.00966995856752961,0.0311135044743905,0,0.402877372613945,0.166147323311104,0,0,0,0.289512592847024,0.100679248186006
x8034y6550,0.344302531014128,0.0500402719373313,0,0,0.0746189344747954,0,0.0824387600909605,0,0,0.448599502482785,0
x8534y6550,0,0.185850397825203,0,0,0.506528556674668,0.282677227909188,0,0,0,0.0249438175909403,0
x9034y6550,0,0.0708880073628106,0,0.0103335108808734,0.220583492602975,0.156400380827997,0.037501605955522,0.151210472453539,0,0.353082529916282,0
x9534y6550,0,0,0,0.0638687735202474,0.0664842512051519,0.227091200368162,0.238163434007632,0,0,0.312141046635739,0.0922512942630681
x10034y6550,0,0,0.170437237802534,0,0,0.385180519209515,0,0,0,0.444382242987951,0
x10534y6550,0.281131311794419,0,0,0,0.231832583820074,0,0.0262693143453654,0,0,0.460766790040142,0
x34y7050,0.0309654548229343,0.0935710217349625,0.0598847833088794,0.0965623431928151,0.0419691403124057,0,0,0,0,0.677047256628003,0
x534y7050,0,0.0352365936508553,0,0.112616622410635,0.123496685974956,0,0.161760503016609,0,0,0.412463674558778,0.154425920388167
x1034y7050,0.243023278252213,0.108187625134614,0,0,0.266859659729362,0,0.0208906131092758,0.136661629923143,0,0.224377193851392,0
x1534y7050,0.0497438691867227,0.0405904492904317,0,0.0447789798543155,0.252386105111704,0.0484538755926945,0,0.270942060606604,0,0,0.293104660357527
x2034y7050,0.0503093016691362,0.215093166550579,0,0.0205918645451341,0.395270746491449,0,0,0,0.196787644418975,0,0.121947276324726
x2534y7050,0.0433287415135663,0.0445060119766043,0,0.117020416334721,0.0605915451355731,0,0,0,0.265869422264165,0,0.468683862775369
x3034y7050,0.292445864270871,0,0,0,0.023819062763875,0,0,0,0,0.274820312391132,0.408914760574122
x3534y7050,0.0469803712271382,0,0.0245543744301838,0,0,0.0947652653526248,0,0,0,0,0.833699988990053
x4534y7050,0.0753363040752772,0.112300440553358,0.341796300160292,0,0.243915152844222,0.0278629722492968,0,0,0,0.198788830117554,0
x5034y7050,0,0.0156185519581724,0.30076225353306,0.34144236742327,0.0917470619579328,0,0.199187107759334,0.0303698360127619,0.0208728213554689,0,0
x5534y7050,0,0.10254471214837,0.186396184974521,0.323948072777989,0.0791376501330642,0,0,0.119464073804195,0,0.188509306161861,0
x6034y7050,0.0335808310588165,0.195778947595012,0,0,0,0.380451828067586,0,0,0,0.390188393278586,0
x6534y7050,0.00280234503402951,0.0339861833572316,0.0582792330116983,0,0,0.198775410818919,0,0.172777012215427,0,0.533379815562694,0
x7034y7050,0.0784823040719973,0.111904034724499,0,0.609997694957178,0.199615966246325,0,0,0,0,0,0
x7534y7050,0.156195144625146,0.179376136450804,0,0,0.152326450596587,0.12590225600142,0,0,0,0.259785636554959,0.126414375771085
x8034y7050,0.178913311022054,0,0.472948111112495,0,0.0299390068441711,0.133301502081664,0,0,0,0.151149914462103,0.0337481544775137
x8534y7050,0,0.191211214070689,0,0,0.293884011530336,0.144131000569386,0,0,0,0.370773773829588,0
x9034y7050,0,0.268430055666982,0,0,0.584670603456286,0,0.038334299634399,0,0,0,0.108565041242333
x9534y7050,0.513411925479781,0,0.0673916463974515,0,0.140741043207861,0.123275398406891,0,0,0.0213027637521023,0,0.133877222755913
x10034y7050,0,0,0.0459389552082128,0.034619218484942,0.896762309972701,0,0.0226795163341444,0,0,0,0
x10534y7050,0,0.22379934542704,0.0831009929489394,0,0,0.0515365615581859,0,0,0.172898660697273,0,0.468664439368562
x34y7550,0.0562226681856251,0.1360181754036,0,0.0985281556925067,0.382927646794002,0,0,0,0,0.326303353924266,0
x534y7550,0.0152100887727163,0.150659776675365,0,0.0188916448415834,0.129230997132994,0.0788063657017094,0.168040408440541,0,0,0.439160718435091,0
x1034y7550,0.101646409051559,0.124219532465799,0,0.184436951442137,0.209297828574829,0,0,0,0,0.30913549617256,0.0712637822931159
x1534y7550,0.0115156712973327,0.213395531657661,0,0.0168961865707443,0.0650651704691083,0,0.229889440541929,0,0,0.463237999463225,0
x2034y7550,0,0.118563109103279,0,0,0.221905469832301,0.0853514519378264,0.0434362454871394,0,0,0.530743723639454,0
x2534y7550,0.154250959532512,0.100496342461444,0,0,0.459577688490199,0.109690692349687,0.0399101834054947,0,0,0,0.136074133760663
x3034y7550,0,0.0515258836706997,0.277905226371151,0.00636398270525057,0.127244999170626,0,0,0,0,0.33175967672224,0.205200231360032
x3534y7550,0.333962087322673,0.119830191372599,0,0,0,0.271601902781821,0,0,0,0.274605818522906,0
x4534y7550,0.263848932701386,0,0.170088078238692,0,0,0.361819814809906,0.0921314015936037,0,0,0.112111772656412,0
x5034y7550,0,0.0888201816447004,0,0,0.118514126129236,0,0,0,0,0.792665692226063,0
x5534y7550,0.0283698229854806,0,0,0.322054047806132,0.185959868355351,0,0.0789174281194239,0.384698832733613,0,0,0
x6034y7550,0.259152486696574,0,0.375073384542629,0,0,0.0825881125017908,0,0,0.116162960082553,0.167023056176453,0
x6534y7550,0,0.204984410256371,0,0,0,0.472386029726724,0,0.0961576817190442,0,0.226471878297861,0
x7034y7550,0.22634305235984,0.151936439241088,0,0,0,0.294024426779442,0,0,0,0.208377042221118,0.119319039398512
x7534y7550,0.246239057397588,0,0.0952767452368049,0.289153034102951,0.164342713154054,1.25699076318518e-10,0,0,0.0635701815678315,0,0.141418268415071
x8034y7550,0.0627735857289676,0.0838316353493749,0.0898739075857445,0.114557894148248,0.249892455215289,0.193970137728617,0,0,0.205100384243758,0,0
x8534y7550,0.0277276075223833,0.0896779210491893,0.0611405516161401,0.0112932703769751,0.211523487195488,0.124771048785897,0.013923276462261,0,0.336918946175295,0.123023890816372,0
x9034y7550,0.0332842589437056,0.0861256294005305,0.161202110483252,0,0.157167006134402,0.0236175522735389,0.146498389153055,0,0.392105053611516,0,0
x9534y7550,0,0,0,0,0,0.159949402406743,0.134197731584336,0,0.331052897096192,0.37479996891273,0
x10034y7550,0,0,0.046274112772417,0,0,0.0976203668996904,0,0,0.308593790712442,0.455852678756068,0.0916590508593824
x10534y7550,0,0.0313042063471889,0.0434196515623472,0,0,0.214889252381081,0,0,0.428588111661578,0.281798778047805,0
x34y8050,0.202637874075184,0.139433505514893,0,0,0.414800924347889,0.0405090311780431,0.0528624240149408,0.0526021373232069,0,0.0971541035458427,0
x534y8050,0.107301117956975,0,0.0364014209063435,0.0376421064265084,0.111946038303186,0.183002858793418,0.210219868944702,0.0623974636672295,0,0.251089125001637,0
x1034y8050,0.00991928337324278,0.174424206563483,0,0,0.157495420160409,0.164600059327861,0.134308414867821,0.242750922237601,0,0.116501693469582,0
x1534y8050,0.0273407491085345,0.0214205005763668,0,0,0.0844638170434336,0.227125865107702,0.149773749824536,0.129798625726005,0,0.360076692613422,0
x2034y8050,0.00848064795559892,0.288613958633712,0.0414426593786381,0.102723886037066,0.217998706773634,0,0,0,0,0.340740141221351,0
x2534y8050,0.0727227705942891,0.197115293507939,0,0.00129077506955087,0.137176572407793,0.239328496062438,0.0368287210248375,0.0754407156708842,0,0.240096655662269,0
x3034y8050,0.107737151294094,0.200290116176206,0,0.00576015821411298,0.477833320902133,0,0,0,0,0.208379253413454,0
x4534y8050,0,0.0713764556864108,0,0,0,0.44875690609827,0.0258365982562913,0,0,0.31663951573959,0.137390524219438
x5034y8050,0.00987537336846304,0.205301753660578,0,0,0,0.229942296867586,0.0238207924551417,0.134979992832428,0.111792974264549,0.284286816551254,0
x5534y8050,0.0274480075709977,0.630044191823952,0.101513615149949,0,0,0.0927477036438526,0,0,0.0582036671951891,0.0900428146160592,0
x6034y8050,0,0.0397552909416129,0.103746823814758,0,0.639438262748795,0,0.0160265436849486,0.0684642789239336,0,0.132568799885952,0
x6534y8050,0.0313443093305331,0.0116276630702795,0,0.00556552163064556,0,0.165039414595974,0,0,0.331456044946176,0.454967046426391,0
x7034y8050,0,0.223949625343504,0,0,0,0.205961635693245,0.00789960704470997,0,0.562189131918541,0,0
x7534y8050,0.218357513106563,0.0597679890770699,0,0,0.236154785125847,0.421514000943566,0,0,0.0642057117469542,0,0
x8034y8050,0,0.138320765552091,0,0.0329947271058516,0.0992990174840069,0.0924709125548178,0.0142434253573618,0,0.622671151945871,0,0
x8534y8050,0.153927367651929,0,0,0,0.346517773855387,0,0.0823972150049715,0,0.417157643487713,0,0
x9034y8050,0.251710540602334,0.0669744658180047,0.250773147706517,0.0461424793484374,0,0,0,0,0.316732122407414,0.0676672441172928,0
x9534y8050,0,0.066162055233209,0,0,0.0845771910856474,0,0.16500483321832,0,0.684255920462823,0,0
x10034y8050,0.0993437694347193,0,0.0734397846321132,0.0222360284519848,0.126209985933414,0,0,0,0.678770431547769,0,0
x10534y8050,0.02317492650612,0,0.197497984672246,0,0,0.091662810053758,0.239247681360999,0,0.40647599645483,0.0419406009520467,0
x34y8550,0.00297662274840021,0.0944362097253125,0,0,0.203698095937239,0.0397308573625016,0.0386296890054021,0,0.280771795953155,0.33975672926799,0
x534y8550,0.397677641649314,0.0527764481859998,0,0.00826412496152318,0.116929594040876,0.0438970139401545,0.014763647310318,0.0486338530480901,0.216834297424663,0.100223379439061,0
x1034y8550,0,0.242494361569357,0,0.158370662513195,0.041095022674347,0.0678991515581762,0.160916261177726,0.2027563266685,0,0.126468213838699,0
x1534y8550,0.264696442747281,0.0990528019735784,0,0,0.282840215871983,0,0.156265304724213,0.0963136861727996,0,0.100831548510145,0
x2034y8550,0.378424031158018,0.143685149916216,0,0,0.199867746083771,0,0.00881772433644573,0,0,0.269205348505549,0
x2534y8550,0.0202831202493115,0.22382443864887,0,0.0231329844290554,0.10389926039772,0.131976995273587,0.12667237497118,0,0,0.370210826030277,0
x3034y8550,0.0478675692894152,0.180478445066602,0,0.0405720475659989,0.25734059084188,0,0.0631985784051962,0,0,0.410542768830907,0
x4534y8550,0,0.0508021537979936,0.178497437296508,0,0,0.0336723642845242,0.0520406133162171,0,0.684987431304757,0,0
x5034y8550,0.108551947026334,0,0.0377356565393268,0,0.17183942788659,0.0555075528694403,0.126194481467993,0,0.279722002888868,0,0.220448931321448
x5534y8550,0.160391433137767,0.731886565777429,0.069205291922944,0,0,0,0.0221335529063011,0,0,0.0163831562555594,0
x6034y8550,0.0727793905096571,0,0.0343552198447045,0.0196470690885176,0.143232501149985,0,0.00860924241148928,0,0.721376576995647,0,0
x6534y8550,0,0,0.102944229296286,0,0,0,0.0359747247667746,0,0.861081045936939,0,0
x7034y8550,0.0243555713829585,0.058724837833008,0,0.138443819764572,0.137208874333465,0.0738511949476699,0.0749120087589024,0,0.492503692979424,0,0
x7534y8550,0.0343179806235696,0.106090741796275,0.193320550791938,0,0,0.0634080367666342,0,0,0.602862690021583,0,0
x8034y8550,0.0324468373898152,0,0.0374190665378302,0,0.135042224695292,0,0.124972143918893,0,0.670119727458169,0,0
x8534y8550,0,0.225467093064828,0.0587012374123512,0,0.186131635063689,0,0.0422556507500234,0,0.487444383709108,0,0
x9034y8550,0.0567730509859646,0,0.0716628770289714,0.128994053858466,0.039735289823795,0,0.0114187843375619,0,0.691415943965241,0,0
x9534y8550,0.180585930649158,0.180660243512535,0,0,0.104014746711338,0.0580608852856567,0.0759306951132496,0,0.400747498728063,0,0
x10034y8550,0,0.00651400860290891,0.0721682974665737,0,0,0.00473564857908721,0,0,0.91658204535143,0,0
x10534y8550,0,0,0.314603978272235,0.0390564661464128,0,0,0.108266740815989,0,0.538072814765364,0,0
x34y9050,0.269538087396006,0.102071379246184,0,0,0,0.0494673536339572,0.0380133737131599,0,0.540909806010692,0,0
x534y9050,0.152547342381645,0.225429390001058,0,0,0.265805785400317,0,0.107194319120353,0,0.249023163096628,0,0
x1034y9050,0,0.0808032259788477,0,0.00990817108058712,0.333042556158896,0.0709466591809061,0.0287443052194282,0,0,0.476555082381335,0
x1534y9050,0,0.135859849665853,0.177597663516463,0,0.138015885924986,0.0692864595896803,0.0223476911716917,0.101525982435383,0.214480473264375,0.140885994431568,0
x2034y9050,0.30487315672006,0.033282947389829,0.091635976058128,0.0257781879740977,0.066051184037571,0,0,0,0.250630025100918,0.227748522719396,0
x2534y9050,0.07701077086364,0.11983159316693,0,0.00353847006155559,0.44914059007163,0,0.106966151312874,0.0321670593353091,0,0.211345365188062,0
x3034y9050,0.0138543407290931,0.0269853402766554,0,0,0.178899562605564,0,0,0,0,0.780260756388688,0
x4534y9050,0,0.0407865159277487,0.0764371875352981,0,0,0.174426734536494,0.0898217694084048,0,0.618527792592054,0,0
x5034y9050,0.0101083056198818,0.0345189370982465,0,0.0718018197321143,0,0.817782401783584,0,0.021928829909871,0.0438597058563029,0,0
x5534y9050,0,0.553389878971052,0,0.0113043171939281,0,0,0.0784180348559906,0,0.322730448469668,0.0341573205093619,0
x6034y9050,0,0.139263157240465,0.0747012016549523,0.00666805978737679,0.0338198547365196,0,0,0,0.745547726580686,0,0
x6534y9050,0.0610173296963373,0.180450121118435,0,0,0.290277165134889,0,0,0,0.468255384050339,0,0
x7034y9050,0.0631877391293952,0,0.030371686140136,0,0,0.182661312605837,0.0202030148443353,0,0.703576247280297,0,0
x7534y9050,0.0585504445582451,0,0.204479411378007,0.0307141990264207,0,0.0340376468206423,0.0301789286039028,0,0.642039369612782,0,0
x8034y9050,0,0.201703668592437,0.0311373561799614,0,0.0635408881385075,0,0.0352943645924857,0,0.668323722496608,0,0
x8534y9050,0.00539593283628758,0.144154695070555,0.0477418690737078,0,0.0770019716863005,0.0847656706889018,0.0591188148555924,0,0.581821045788655,0,0
x9034y9050,0.18212206295193,0.0252221482520365,0.0403607407837181,0,0.0598449351058754,0.0332006158740752,0.0189513757480289,0,0.640298121284335,0,0
x9534y9050,0.00667716787027768,0,0.0764934632867663,0.0207660075334552,0.0399381138653362,0.117074778912224,0.0268564467291253,0,0.712194021802815,0,0
x10034y9050,0.003809753379531,0.0583001722240175,0,0,0.0336587356587503,0.0436159543432882,0.103198789794039,0.18447362346247,0.572942971137904,0,0
x10534y9050,0.390573720336619,0.0746205370176804,0.0415676067348858,0,0.321946086459584,0,0,0.0768072751808597,0.0944847742703711,0,0
x34y9550,0,0.197538858865934,0,0.014667063539948,0,0.0823062873315571,0.073866835524229,0,0.631620954738332,0,0
x534y9550,0,0.171244869378211,0,0.00618646006297642,0.0293828321586698,0,0.0677696172092029,0,0.526869603486019,0.19854661770492,0
x1034y9550,0.0687554937795665,0.189068294755808,0,0.0769954880688158,0.199259494962594,0.0883918529632466,0.216995979965422,0,0.160533395504547,0,0
x1534y9550,0.0245679882549443,0.15782553545907,0.25185113531344,0,0.0317109474632737,0,0,0,0.446853827283871,0.0871905662254011,0
x2034y9550,0,0.240201468789287,0,0,0.256642435925474,0,0.218625764581136,0,0.13111967509638,0.153410655607723,0
x2534y9550,0.326043830571378,0.225124388343807,0.160490848929546,0,0.0324257056044171,0,0,0,0,0.255915226550852,0
x3034y9550,0,0.188248104172235,0.135208262054108,0.096799840648684,0,0.151563475837289,0.0291164014117515,0,0,0.313798488831014,0.0852654270449185
x3534y9550,0,0.0837093959136187,0,0.0020166782710457,0.0721811071301449,0.188857701649698,0.0782360496622888,0,0,0.574999067373204,0
x4534y9550,0.00333132271620495,0.110105856508938,0.0837790040023309,0,0.0331370269866313,0.156755443559137,0.0596980938165577,0,0.553193252410199,0,0
x5034y9550,0,0.117116179387629,0.049477662592003,0,0.0632743002506402,0.12634438448837,0.120922385540083,0.0885299303042114,0.434335157437063,0,0
x5534y9550,0,0.215727294188466,0.161728289909701,0.0490809105276618,0,0.0526845846186963,0.1184826022356,0,0.402296318519875,0,0
x6034y9550,0,0.101178151912144,0.0965258891009358,0,0.440364330629489,0,0.0253595241029497,0.065270811622657,0.271301292631825,0,0
x6534y9550,0.02426751922221,0.0245480413462755,0.0316714626373916,0.00223090095613845,0.0976094456154155,0.0463371878338511,0,0,0.773335442388718,0,0
x7034y9550,0,0,0.0654949021792124,0.0537446843489557,0.0951754075268104,0,0,0,0.785585005945021,0,0
x7534y9550,0,0.0303098593879289,0,0,0.204334272830588,0,0.0944966299606237,0,0.67085923782086,0,0
x8034y9550,0,0,0.0883376359376119,0.0037293587466099,0,0,0.0272663384073179,0,0.720023006146797,0.160643660761663,0
x8534y9550,0.0266610884477656,0,0,0.095724967911088,0.0323472112353181,0,0.210425361719892,0,0.634841370685937,0,0
x9034y9550,0.0657390112005297,0.115894284738062,0.0587916205790317,0.0364795604275107,0,0.0309292623238048,0.0768103991469658,0.234012474353185,0.326008260071147,0,0.0553351271597634
x9534y9550,0.157776233334595,0.115561530178539,0.0347963379550741,0,0,0.115145524832825,0.0633805945577458,0.157865204336177,0.355474574805044,0,0
x10034y9550,0,0.095695551793081,0,0.062098022509551,0,0.0431163437685214,0.197134896229251,0.509158538030232,0,0.0927966476693629,0
x10534y9550,0,0.0403877261048453,0.251541409180814,0.0556166902939461,0,0,0,0,0.422840839919615,0,0.22961333450078
x34y10050,0.204212349248565,0.0714096385137789,0,0,0.0301902858069428,0,0.184304247269264,0,0.509883479161449,0,0
x534y10050,0,0.080951206690879,0,0,0.110354435553562,0,0.254424415200194,0,0.507298424246063,0.046971518309302,0
x1034y10050,0.0607145830185424,0.0709708003622571,0,0.104032153717633,0.0253303459578681,0,0.159035532374758,0,0.52407923603441,0.0558373485345308,0
x1534y10050,0,0.087168536482329,0.0910454117232638,0.0317127724335574,0.0366601482382293,0,0.0387250835802401,0,0.632750214411078,0.081937833131302,0
x2034y10050,0.0727726146235668,0.102854332284082,0,0.0146839732948911,0.112650621364735,0,0.164120574979518,0.0827675573972289,0.450150326055978,0,0
x2534y10050,0,0.0930241568918394,0,0,0,0.0229713885280649,0.187261651356512,0.164616339746456,0.331893073447295,0.200233390029832,0
x3034y10050,0.0554228584168282,0.146676265770715,0,0.0122488199473894,0.125753569859461,0.346445626101104,0.0972091182457367,0,0.216243741658766,0,0
x3534y10050,0.820048853985572,0,0.0242713734435493,0,0.00621966431872588,0.149460108252153,0,0,0,0,0
x4534y10050,0,0.110700029958688,0,0,0.0421560569206658,0.133911593165323,0.0650822853115192,0,0.648150034643804,0,0
x5034y10050,0,0.172367125629023,0,0,0.0269701343410849,0,0.0599928726714945,0.184119897291094,0.556549970067303,0,0
x5534y10050,0,0.345016702794859,0.0453457354028602,0,0,0,0.262697657117347,0.165200456705725,0.181739447979208,0,0
x6034y10050,0,0,0.174578767066248,0.0430407683259217,0.0777581859554369,0,0.0901330414198069,0,0.614489237232586,0,0
x6534y10050,0,0,0.0191264838920583,0,0.225735372459687,0,0.118869696102612,0.0854118825582872,0.550856564987355,0,0
x7034y10050,0,0.229142213563693,0.051482885151114,0,0,0.211683999088206,0.113063817961831,0.131074941221788,0.263552143013367,0,0
x7534y10050,0,0.0159112964744619,0.0691437886727525,0,0,0.0683059608049305,0.0312206197230742,0.246331729405038,0.485147904660808,0,0.0839387002589348
x8034y10050,0,0.0540032164547524,0.0796054392476211,0,0.0380516736471997,0,0,0.598429574143331,0.229910096507096,0,0
x8534y10050,0.144842091433068,0.150671614061815,0,0,0,0.268523761183658,0.109178707379167,0,0.326783825942292,0,0
x9034y10050,0,0.0513132930109836,0.0603260831997835,0,0.0167077106567551,0,0.0981814367848795,0.507411738670713,0.266059737676885,0,0
x9534y10050,0,0.0943470017149708,0,0.0133810768009733,0,0.18860813914146,0.158505578584359,0.363609918106241,0.181548285651996,0,0
x10034y10050,0,0.112216939684138,0,0.00737039980661685,0.167351342687744,0.118259822734636,0.0777572449942704,0.329658907157516,0.187385342935079,0,0
x10534y10050,0,0,0.06467688062683,0,0.0178399881059777,0,0.00771631636510492,0.601027246822914,0.308739568079173,0,0
x34y10550,0,0.0823123784146761,0.109315413823573,0.126254178052463,0.0353365810145029,0,0.153609332380842,0,0.493172116313943,0,0
x534y10550,0.112593709192872,0.150039542317399,0,0,0,0,0.0148547624360283,0,0.722511986053701,0,0
x1034y10550,0.0791748576501607,0.0829810892847797,0,0.0618303159395187,0,0,0.00877839811827497,0,0.676457717735448,0.0907776212718184,0
x1534y10550,0.0224901823382497,0,0,0.023061928648551,0,0,0.0986035048586334,0,0.855844384154566,0,0
x2034y10550,0.0301142726991132,0.113330271063876,0.139403644829286,0.0464018275024032,0,0,0.0171397395602374,0.0386693324651833,0.6149409118799,0,0
x2534y10550,0,0.123000650510254,0,0.0071053366431164,0.0294767969502624,0,0.14053419624823,0,0.699883019648137,0,0
x3034y10550,0,0.0654449535411047,0,0,0.0414674691239675,0,0.205240784196264,0,0.572574852014663,0.115271941124002,0
x3534y10550,0.415768308097088,0,0.0500571152321447,0,0.0746071685408636,0,0,0.122616471362954,0.274387309556984,0.0625636272099653,0
x4534y10550,0,0.00450768187798255,0,0.00595355866309131,0.0295531680537716,0,0.0800428256232593,0.79838250612106,0,0.0815602596608353,0
x5034y10550,0.0597681937918196,0.378755951432533,0,0,0.0681504950369616,0,0,0.277325998934022,0.215999360804664,0,0
x5534y10550,0.344092204313865,0.151263592623197,0,0.0229782991989386,0.182816480409097,0,0.049367366841854,0.170054414385754,0.0794276422272936,0,0
x6034y10550,0.0847405246096791,0.304843150295329,0,0,0,0.263979232228363,0.112983357369652,0.172798992897661,0,0.0606547425993168,0
x6534y10550,0.110511655184195,0.160987803025644,0.0827295917495749,0.0190871965249814,0.110775471682792,0.0670936275463176,0,0.1676868272905,0.281127826995995,0,0
x7034y10550,0,0.0265074884567654,0,0.0481624064154921,0.0576321021470948,0,0.170423186423585,0.428758967128713,0.268515849428349,0,0
x7534y10550,0.0566200409204711,0,0.385173641230947,0.123074966081557,0.0908245997058074,0,0,0,0.344306752061218,0,0
x8034y10550,0,0.104527337220707,0,0.0580635634976124,0.0438485721263001,0.0619760549159913,0,0.578386131016498,0.105513600422129,0.0476847408007619,0
x8534y10550,0,0.187309417178369,0,0,0.226455637010792,0.302399728522116,0.104958302761746,0.178876914526977,0,0,0
x9034y10550,0,0.161526163752136,0.029875831359059,0,0.137111722831367,0,0.0147162663765969,0,0.255830839734933,0,0.400939175945907
x9534y10550,0,0.311122823772901,0,0.00812900494404083,0.0651162826848151,0.0955155824990314,0.0877230042453134,0.432393301853899,0,0,0
x10034y10550,0.00788644204407833,0.0914445027243224,0,0.00808507734655969,0,0.226079650413927,0,0.666504327471112,0,0,0
x10534y10550,0.15176338372592,0,0.0263971658785975,0,0.026704684361578,0,0,0.733123069658572,0,0.0620116963753325,0
x34y11050,0.240594525767204,0.125183154371868,0.0818550215486924,0,0,0,0.0127917382448296,0.207840668522894,0.331734891544512,0,0
x534y11050,0,0.0791176818409116,0,0.00497304098104315,0,0,0.156890198096281,0,0.564550583819888,0,0.194468495261876
x1034y11050,0.0142875937102036,0,0.0743562329788345,0,0,0,0.122875219022501,0.197046000993036,0.591434953295425,0,0
x1534y11050,0.053674654192319,0.139653849516154,0,0.0846946027530601,0,0,0.15129231562078,0,0.570684577917687,0,0
x2034y11050,0.00286396788227074,0.0699693930596224,0.128306899521415,0.0236745894934175,0.105780711923768,0,0.0152372298787845,0,0.654167208240722,0,0
x2534y11050,0.0162719849692309,0.127135865015486,0,0,0,0,0.18826043568966,0,0.668331714325623,0,0
x3034y11050,0.219971687975467,0.0603256517143822,0.0222420472038172,0,0,0,0.0877697983204694,0,0.51147272836404,0.098218086421824,0
x3534y11050,0.117276421775643,0,0,0.0857690358567481,0,0,0.214783852797395,0,0.447124072215381,0.135046617354834,0
x4534y11050,0,0.162204844235444,0,0,0,0.337506627776065,0.174657811680305,0.265895303739225,0.0597354125689605,0,0
x5034y11050,0.326896366944828,0.243236427632336,0.0618642999891367,0,0,0,0.110699705189201,0.135587075662456,0.104016750508038,0,0.0176993740740037
x5534y11050,0,0.112217436624628,0,0.00301740867588625,0,0.0585388242085008,0.107181913446597,0.573545152531166,0.145499264513221,0,0
x6034y11050,0.0299583453463928,0,0.33229683614915,0,0,0.0610665349066711,0,0.576678283597786,0,0,0
x6534y11050,0,0.229089555275427,0,0,0,0.34383734872296,0,0.241389862302462,0.185683233699151,0,0
x7034y11050,0,0.17209777367606,0.0954084792711484,0,0,0.300314092828691,0.0626542308588343,0.369525423365266,0,0,0
x7534y11050,0.0107593429979013,0.0358068506386161,0,0,0,0.197944828565317,0.283935462837412,0.471553514960753,0,0,0
x8034y11050,0,0.0710350558611252,0,0.0140125049912684,0.0842998944466385,0.0700956669976461,0,0.574183306293845,0.186373571409477,0,0
x8534y11050,0,0.16786987602577,0,0.00947244075880715,0.0950245536753979,0,0.0887835996146705,0.506939130293728,0.131910399631626,0,0
x9034y11050,0.133227395193741,0.0246626858052545,0,0,0.362530069703467,0.091642169731337,0.13179118005531,0,0,0,0.256146499510891
x9534y11050,0.0440271639452241,0.2320258391244,0,0,0,0.019582087057543,0,0.260372651061542,0,0,0.443992258811292
x10034y11050,0.323325493214077,0.0233923092285375,0,0,0.174920572243524,0.0576953108068981,0.0642121643942523,0.356454150112712,0,0,0
x10534y11050,0.0536701444386367,0,0,0,0,0.630953231411873,0.143681617929551,0.128290812404811,0.0193773854051233,0,0.0240268084100042
x34y11550,0,0.0878080526330471,0,0,0,0.0591446694427173,0.128491088163139,0.515159189118441,0.209397000642656,0,0
x534y11550,0,0.180148675273802,0,0,0.318131199872905,0.0602663259461892,0.0441294936537884,0.227472601809941,0.169851703443374,0,0
x1034y11550,0,0.049735666289301,0,0.0870560358616819,0,0.0189104682314668,0.165179230237277,0.326176988146218,0.352941611234056,0,0
x1534y11550,0.252638824669615,0.0216805869512397,0,0,0,0,0.180425199959052,0.125157593762527,0.307414566688025,0.112683227969542,0
x2034y11550,0.0931019546195338,0.020593912928433,0.0488630403862491,0.0106853131315112,0,0,0.123517509394908,0.231618662610118,0.471619606929247,0,0
x2534y11550,0.0746540399953618,0.19770083784002,0,0,0,0,0,0.148254771897999,0.579390350266619,0,0
x3034y11550,0.00416586118330632,0.0886766931292914,0,0,0,0,0.141977404397913,0,0.765180041289489,0,0
x3534y11550,0,0.0100729804833982,0,0.00683263228998498,0.0133326562291557,0,0,0,0.912388312567448,0.057373418430013,0
x4534y11550,0,0.0176004863495577,0.0761872945505385,0,0,0.13922800081576,0.0216621110924993,0.562685934248169,0.182636172943475,0,0
x5034y11550,0.0136746918955196,0.189312881722092,0.114619903716175,0,0.0555609799589761,0,0.133143999830814,0.292956311238445,0.200731231637978,0,0
x5534y11550,0,0.0974314054884225,0.096734402240145,0,0,0.12660906485588,0.0256672999727341,0.498063788730862,0.155494038711956,0,0
x6034y11550,0,0.0726923197327624,0.0328799473390734,0.0313580319955056,0,0.149585567328605,0.0339445992448176,0.679539534359236,0,0,0
x6534y11550,0.0129566887967506,0,0,0.166018778014253,0.0710937783779116,0.0149868599238611,0.0258703158464587,0.468675018764504,0.24039856027626,0,0
x7034y11550,0,0.184712975157159,0.0971845675301558,0,0.419912935745439,0,0,0.298189521567246,0,0,0
x8034y11550,0,0,0.0376428529497185,0.0985971719564717,0.0320474996851294,0,0,0.797964847853397,0.0337476275552834,0,0
x8534y11550,0,0.0344438357311777,0,0.128136608252189,0.128848333521965,0,0.0677889748520542,0.385982969352855,0.168605024814218,0.0861942534755409,0
x9034y11550,0.196316385908378,0,0,0,0,0.299292536438706,0.278827165201542,0.225563912451375,0,0,0
x9534y11550,0.379391805189937,0.055344568606284,0,0.0266127861989602,0.106568035606587,0,0.239753912097152,0.165853243756229,0,0,0.0264756485448509
x10034y11550,0,0.0768372511502316,0,0.0111756511152831,0.1860399476187,0.0792220153955731,0.187834823740491,0.458890310979721,0,0,0
x10534y11550,0,0.209177684340224,0,0,0,0.0353144827345166,0.169868531384473,0.454340373682619,0.051163342587336,0,0.0801355852708318
x34y12050,0,0.164315287054279,0,0.0269959954173554,0.161409949077118,0,0.0917193283250994,0.346470684233485,0,0.209088755892663,0
x534y12050,0,0.0777742038412009,0,0.0233386388160394,0.100364627337865,0,0.149457651610286,0.537578399988813,0,0.111486478405796,0
x1034y12050,0.0137719286016089,0.0493788306210356,0,0,0,0.128850045159563,0.404010050889517,0.26660196497789,0.137387179750385,0,0
x1534y12050,0,0.146813770027394,0,0,0,0.0630129484975558,0.175335169489568,0.536964412764284,0,0.0778736992211984,0
x2034y12050,0.10884818925776,0,0.0534467542889977,0,0.0726560398542706,0,0.147335610397451,0.266324916709578,0.252733624622679,0.0986548648692641,0
x2534y12050,0,0.0806079561492599,0,0.0469716502604454,0.0948225190399564,0,0.166296017918449,0.203907261932428,0.407394594699461,0,0
x3034y12050,0.106921725859259,0.0807725312177683,0.0781983803578833,0,0,0,0.162406081720512,0,0.422618041227479,0.149083239617097,0
x3534y12050,0.222036634332697,0,0.0338174381830409,0,0.0883716689836286,0.0800618887556742,0.0900347430231241,0,0.323985143973193,0.161692482748642,0
x4534y12050,0,0.0993900924711809,0.0504856526264008,0,0.0661528116538059,0.124769926502066,0.0647550730537606,0.594446443692786,0,0,0
x5034y12050,0,0.408566041564853,0.0643651653893379,0,0.0442863227688215,0,0.191645789681748,0.220948523381894,0.0701881572133458,0,0
x5534y12050,0.55899528973196,0,0,0,0.0268106862636976,0,0.0181197821335752,0.396074241870767,0,0,0
x6034y12050,0,0.216261388156907,0.0694673245535127,0,0,0.231067143526199,0.0844376912580678,0.315805960509481,0.0829604919958322,0,0
x6534y12050,0,0,0.0495382005394759,0.00183780421063444,0,0.067756056188132,0.0200918587069744,0.714483369394512,0.146292710960271,0,0
x7034y12050,0.0967122708404363,0.0204087705076371,0.0423962826401142,0,0,0.0905193723401224,0.316362871616935,0.433600432054755,0,0,0
x8034y12050,0,0.0142042516126938,0,0,0,0.114754327473639,0.343314982382143,0.527726438531523,0,0,0
x8534y12050,0,0.170526582984889,0.0843908154288512,0,0,0.231424822451483,0.0831622226234077,0.430495556511369,0,0,0
x9034y12050,0,0.0284152785653285,0,0,0,0.19175499247452,0.127543359858582,0.501207483673362,0.151078885428207,0,0
x9534y12050,0,0.168699820156106,0,0.0159798469548616,0,0.190522548243616,0.0863412808736618,0.538456503771754,0,0,0
x10034y12050,0.381612021961843,0.0744825806601509,0,0,0.137964790280859,0,0.0953908789050008,0,0.13061877178779,0.105594619149507,0.0743363372548489
x10534y12050,0,0.0954939615507159,0,0,0.197942889625829,0,0.202059510583614,0.504503638239841,0,0,0
x34y12550,0,0.112218900844752,0,0.08172740863042,0,0,0.133146689288448,0.591162150347798,0.0817448508885813,0,0
x534y12550,0.176515378512919,0.128814958720925,0.0643638295059917,0,0.108719703721391,0,0,0.521586129538773,0,0,0
x1034y12550,0.243895397421156,0.0103099738213065,0.106892999159295,0,0,0,0.460588943998979,0.178312685599264,0,0,0
x1534y12550,0.17053707693664,0.187586510365231,0,0.135159079566565,0.155654970023674,0,0.135509051035152,0.215553312072738,0,0,0
x2034y12550,0.151370513230373,0,0.187569852772626,0,0,0,0.0895844800254764,0.500365127060912,0,0.071110026910612,0
x2534y12550,0.201488476453233,0.156074799904528,0,0,0,0.251466956879166,0.102776294146571,0.179134394548708,0.109059078067795,0,0
x3034y12550,0,0.0741625849042592,0.0587299842372136,0.139394558947446,0,0.0925159448213425,0,0.347403627525693,0.229727978873232,0.0580653206908139,0
x3534y12550,0.158530668692705,0,0.0604348455192441,0.00246200214877322,0.144502382142717,0.00539294200631356,0.12564224616643,0.142252459293775,0.247841020743982,0.0610189133961539,0.0519225198899056
x4534y12550,0,0.069906992524072,0.0915756766284856,0,0,0.306605836976675,0,0.459610727186894,0,0.0723007666838736,0
x5034y12550,0,0.386990088325902,0.140194459000208,0,0.199743807180983,0,0.153500300511624,0.119571344981282,0,0,0
x5534y12550,0,0.114569819821804,0,0,0.127288117650834,0.175629751283005,0.0950042166340444,0.345253062821212,0.142255031789101,0,0
x6034y12550,0,0.0953473564969607,0,0,0,0.40083291003146,0.141502613150429,0.36231712032115,0,0,0
x6534y12550,0,0.18172632763438,0,0,0.0540621750229135,0.176567742640031,0.186497944569884,0.401145810132792,0,0,0
x7034y12550,0,0.0886296962755951,0,0.00232136436430976,0.0348016436630257,0.0697501974506613,0.0172886709418643,0.787208427304544,0,0,0
x7534y12550,0,0.0537707506559868,0,0,0.124018214137571,0,0.160949545156837,0.661261490049605,0,0,0
x8034y12550,0.126860669077639,0.0294729064936337,0,0,0.176229937413134,0,0.266182268276549,0.401254218739044,0,0,0
x8534y12550,0,0,0,0.138929959199009,0,0.17159094495647,0.0371681663917158,0.652310929452806,0,0,0
x9034y12550,0.164908775692215,0.183899578821825,0.0773603882279774,0.0641336861585182,0.0504825833746686,0,0.0836066863303061,0.336156721821368,0.0394515795731218,0,0
x10034y12550,0,0.186472362397891,0,0.0880094606595507,0.127472082861795,0.0954655989878214,0.109393068785767,0.393187426307174,0,0,0
x10534y12550,0.138234244354392,0.143217934184944,0,0,0,0.25813767626191,0,0.460410145198754,0,0,0
x34y13050,0.105436313384198,0.0351128943761688,0.12420437107029,0.0399989504174987,0.11875626266627,0,0,0.515566929642153,0,0.0609242784434212,0
x534y13050,0.0493312851934627,0.106758068197141,0,0,0.435907943899242,0.120727083608018,0,0.287275619102137,0,0,0
x1034y13050,0,0.238489319320991,0,0,0,0.0955403153378975,0.207013078769994,0.458957286571118,0,0,0
x1534y13050,0.125280770257832,0.139446802012572,0,0.00582791250018465,0,0,0.246516200379563,0.349235234699989,0.133693080149859,0,0
x2034y13050,0,0.0176205137151392,0,0,0.0476157175412577,0,0.199360472360651,0.735403296382952,0,0,0
x2534y13050,0.226722855791593,0,0,0,0.011068382961748,0,0.203852520885967,0.337456369765591,0.220899870595101,0,0
x3034y13050,0.0556608329918282,0,0.0549380025705633,0.00541950558597514,0.0163563863968744,0,0.352723487251177,0.514901785203582,0,0,0
x3534y13050,0,0.0238474268908068,0.151405520780168,0,0,0.0607482700273394,0.287495490460252,0.476503291841434,0,0,0
x4534y13050,0,0.147102297902782,0,0,0,0,0,0.67518512931555,0,0,0.177712572781668
x5034y13050,0.259397277430309,0.122123060675769,0.149852037194057,0,0,0,0.147706115658235,0.32092150904163,0,0,0
x5534y13050,0.0457597560963085,0.0155231018307939,0.273088583496835,0,0.141354693200089,0,0.165799086834157,0.178954723890906,0.17952005465091,0,0
x6034y13050,0.0419018715611031,0,0.72413004230651,0,0,0.0435698715805591,0,0.190398214551827,0,0,0
x6534y13050,0.189412602108468,0,0.255340103846287,0,0.112158469546807,0,0,0.346391676883956,0.0966971476144817,0,0
x7034y13050,0,0.16440352034622,0,0,0,0.010189323151826,0.32265372929522,0.502753427206734,0,0,0
x7534y13050,0.671390834064651,0.007420754594216,0.0113768599050402,0,0.118764984274245,0,0,0.191046567161847,0,0,0
x8034y13050,0.33547739123328,0.205360250457863,0,0,0.0599722501587283,0,0.108940285470053,0.229223918689937,0,0.024796699712803,0.0362292042773352
x8534y13050,0.334030803238342,0,0.310252887296534,0,0,0,0.183869220827208,0.0582955375875171,0,0.0789903127903724,0.0345612382600269
x10034y13050,0.250741965100786,0.0510324282292977,0.0764684489355447,0,0.0982252608180487,0.0391538774100581,0.056815705475378,0,0,0,0.427562314030887
x10534y13050,0.0335684639433082,0.436751684728168,0.0868275445717102,0.114710459740429,0.0732614544277599,0.254880392588624,0,0,0,0,0
x34y13550,0.0233257606283515,0.124179232587828,0.175969497430769,0,0,0.591333992775612,0,0.0851915165774404,0,0,0
x534y13550,0,0.153546663230024,0,0,0.0671034771829923,0.129460430658498,0.181876415593295,0.468013013335191,0,0,0
x1034y13550,0.110368415215854,0,0,0,0,0.137566497204269,0,0.395809608210199,0.0985066411898807,0.078490510366651,0.179258327813147
x1534y13550,0,0.046179242940906,0,0.0210479797077377,0,0.04585146659581,0.135889180955703,0.517117556533747,0.233914573266097,0,0
x2034y13550,0.033449196359832,0.224537024768358,0,0,0.0413175686147031,0.0996468478154475,0.175600970392355,0.425448392049305,0,0,0
x2534y13550,0.0287253729200191,0,0,0,0,0.0116784230253506,0.129313038438013,0.681255801630067,0,0.14902736398655,0
x3034y13550,0,0.0313480020679235,0.0819183704131364,0,0,0.0186631571392363,0.0932727148899164,0.581051552605242,0,0.193746202884545,0
x3534y13550,0.228577107955252,0.0625936442752612,0,0,0.0371062687233856,0.0302861160403334,0.184793916289997,0.4118448058807,0.0220474721227234,0.0227506687123469,0
x4534y13550,0,0.143934610697466,0,0,0,0.5151572504968,0.115582148336144,0.138921098380512,0,0,0.0864048920890784
x5034y13550,0.0187399636827781,0,0.493023510942246,0,0,0,0.275372515561715,0.129160260904473,0,0,0.0837037489087874
x5534y13550,0,0.259481823899507,0.60261105524848,0,0,0,0.094751560776217,0,0,0,0.0431555600757967
x6034y13550,0.796158225974404,0,0,0,0,0,0.10236429063186,0,0,0,0.101477483393735
x7034y13550,0,0.0160340064132475,0.587030440434795,0,0.14233265498763,0.185336010174152,0.0284066069617402,0,0,0.0408602810284351,0
x7534y13550,0.0935363262628644,0.0864257778895808,0.568567113247031,0,0,0,0.0636900129883307,0.11900769668294,0,0.0460896627136754,0.0226834102155781
x8034y13550,0.173345734320273,0.563707009180254,0,0,0.0644723627580337,0.0732282446224412,0,0.0551901851381017,0,0,0.0700564639808959
x9034y13550,0.0265075801921789,0.279144059543578,0.0852153946410041,0.00416971813463456,0,0.313854829798092,0,0.179112437455672,0,0,0.11199598023484
x10034y13550,0.250421255509428,0,0.295669533383656,0,0,0.207175312223485,0.124312692443773,0,0,0.122421206439658,0
x10534y13550,0.233940471018034,0.0045423084399734,0.480798176686557,0,0.102896619713413,0,0,0,0,0.177822424142023,0
x34y14050,0.252570181081104,0.00513027204052399,0.0200947801188242,0,0,0.0869697511439298,0.337194784382673,0.154389439870343,0,0.111103310591895,0.0325474807707063
x534y14050,0.0251761924391439,0,0,0,0,0.0157418213564529,0.0675801266116256,0.486876609471939,0.0930075002380831,0.311617749882756,0
x1034y14050,0,0.0221381932375115,0,0,0,0,0.293745710842559,0.684116095919929,0,0,0
x1534y14050,0.0044870460014783,0.152581233008714,0,0,0,0.142036789864988,0.155093306952551,0.545801624172268,0,0,0
x2034y14050,0,0.168124703773424,0,0.00290309037528595,0.277888168031733,0.0844512956184678,0.224397134865017,0.242235607336072,0,0,0
x2534y14050,0.129819236238865,0.136812785681275,0,0.0678028720355816,0.0326976300554082,0.0256782153427847,0.329767196980975,0.277422063665111,0,0,0
x3034y14050,0.40146969880054,0.414630066862032,0,0,0.016348988823781,0,0.126755700951213,0,0,0,0.0407955445624334
x3534y14050,0.390034104030441,0.038505838701031,0,0.0693520104250828,0.136633423670464,0,0,0.229375201377686,0.136099421795296,0,0
x4534y14050,0.186827406102934,0,0.66063891192896,0,0.0336642677490664,0,0.118869414219039,0,0,0,0
x5034y14050,0.348764258344617,0.318374227276791,0.0461196138575789,0,0,0.0214220514296642,0,0.162846549027403,0.102473300063946,0,0
x5534y14050,0.13179375512908,0.378751106673567,0.101721869181782,0,0,0.338519207873225,0.0492140611423453,0,0,0,0
x6034y14050,0.796086161680911,0.0565410923910142,0,0,0.147372745928075,0,0,0,0,0,0
x7034y14050,0.852747266091595,0,0.0887366474845716,0.0384522420010016,0,0,0,0,0,0,0.0200638444228317
x7534y14050,0.0390023734440925,0,0.0196414341508258,0.540840652059973,0.0878798623074936,0,0.198009861813834,0.0241916700851311,0,0.0904341461386503,0
x9534y14050,0.789275879201487,0.0249873589879148,0,0,0.0855401142291631,0,0.100196647581435,0,0,0,0
x10034y14050,0.372066540930041,0.256738506573614,0.115060097610448,0,0.053947529772223,0.0421861329560203,0.160001192157654,0,0,0,0
x10534y14050,0.0176523617354522,0.289407897268232,0.363197545141393,0.0605806912538572,0,0.0690492365897643,0.0223959492599824,0,0,0.0827651599057213,0.0949511588455974
x34y14550,0.67934418806184,0.00863110750870615,0.0563012017439456,0.227913113551518,0,0,0,0.02781038913399,0,0,0
x1034y14550,0,0,0.210405489179921,0.00991616808901243,0.0757560355958731,0.0150171891433985,0.132157896619994,0.421256116257239,0.135491105114561,0,0
x1534y14550,0.0238138409204391,0.0312423170008321,0,0,0.0285643552700274,0,0.333830050104823,0.409190249698367,0,0,0.173359187005511
x2034y14550,0,0,0.23934008058192,0,0,0.225388543077321,0.041998028102625,0.493273348238134,0,0,0
x2534y14550,0,0.0983122872596143,0,0,0.0559264606636746,0,0.1270556874187,0.718705564658011,0,0,0
x3034y14550,0,0.0240547836871827,0,0,0,0.0850385824258932,0.176161428114328,0.593866805207034,0,0.120878400565562,0
x3534y14550,0.0942425039343235,0,0.025842804467262,0,0,0.199283443203193,0.0545804337185779,0.396715124753068,0,0.229335689923575,0
x34y15050,0.488962083748866,0.150927857008351,0.0226935386516355,0.0633340380861073,0,0,0.27408248250504,0,0,0,0
x534y15050,0.424670157488749,0,0.12640069379135,0,0.0341369970293913,0.0332259392298723,0.0224297075205257,0.166007306301515,0.0865262086630346,0,0.106602989975562
x1034y15050,0.273007347780782,0.314496643414804,0.0423953054782915,0,0.0674082677073742,0,0.302692435618747,0,0,0,0
x2034y15050,0.787566456726329,0,0,0,0.0646836525440753,0,0,0,0.147749890729596,0,0
x2534y15050,0.370893794436929,0.00636410059749992,0,0,0.00461393772453918,0.0058975072753773,0.217020089923269,0.210902038554209,0,0.11382906255178,0.0704794689363977
x3034y15050,0,0.116136314307455,0.0934051918001824,0.00769447539569726,0,0.142334569349566,0.0756279033465226,0.564801545800577,0,0,0
x3534y15050,0,0,0.229615431703238,0,0.215060249912438,0,0.170798629645583,0.271450504485759,0,0.113075184252982,0
x34y15550,0.194803678637024,0.16200495884056,0.141543776787153,0.099215113171024,0,0.0215794212116458,0.380853051352593,0,0,0,0
x534y15550,0.377335177710328,0.200023487322975,0.161369362101526,0.0116074067804059,0,0,0.249664566084765,0,0,0,0
x1034y15550,0.630372371243063,0.211158176694053,0,0.0368958042876025,0,0,0.121573647775281,0,0,0,0
x1534y15550,0.270762538955118,0,0.294699299713239,0,0,0.220357783075799,0,0,0.088639820263091,0,0.125540557992753
x2534y15550,0.127007570665274,0.42018235843712,0.217709757266309,0.00902889126060741,0.0473632479512731,0,0,0.082238556368906,0.0422830183028993,0.0541865997476121,0
x3534y15550,0.00588438294784819,0,0.183764663012155,0,0,0.075651202393681,0.0496798799747034,0.284767955771668,0.158208671585443,0,0.242043244314502
x1034y16050,0.0129423118629447,0.598387653415937,0.041402977928787,0.0208356146859037,0,0,0.326431442106427,0,0,0,0
x1534y16050,0.0814661815124318,0.431078284872554,0.137206958531196,0,0,0.0280434510479233,0.322205124035895,0,0,0,0
x2034y16050,0.477360772003478,0.161702366944588,0,0,0,0,0.360936861051934,0,0,0,0
x2534y16050,0.30850192044693,0,0.404673070390804,0,0.0712234390599301,0,0.133267017904628,0,0,0.0823345521977081,0
x3034y16050,0.505823220431913,0.26965947108411,0.0703056317923563,0,0,0,0.154211676691621,0,0,0,0
x2034y16550,0,0.0831228349148395,0.105562438988908,0,0,0,0.811314726096253,0,0,0,0
x2534y16550,0.0324957495936395,0.0446323344597394,0.103348279110178,0.0578714932256385,0,0,0.761652143610805,0,0,0,0
x3034y16550,0.776273952163143,0,0.0315008972047043,0,0,0.0268931863665628,0.138716520379148,0.0266154438864421,0,0,0
x3034y17050,0.638344707207817,0.0786876017917426,0,0.147512659050692,0,0.0261779077340183,0.0821813713864568,0,0,0,0.0270957528292734
