,Astro,Endo,Micro,Oligo,PVALE,SST,Smc,eL2/3,eL4,eL5,eL6
x34y50,0.14830452349139936,0.132924756690249,0.0201228497120701,0.0,0.0,0.2209081404291721,0.0,0.0,0.0,0.12127985205188657,0.3564598776252229
x534y50,0.6991040210004801,0.0,0.0,0.0,0.09869178767599882,0.0,0.03684458761586938,0.034201155653560696,0.06874019436090495,0.03321560913619053,0.029202644556995665
x1034y50,0.5684440963487297,0.0,0.05737863549587134,0.0,0.01716684461752798,0.0,0.0,0.11997335378423266,0.06522211427028657,0.11330609394153075,0.05850886154182122
x1534y50,0.7178217589277868,0.0,0.0,0.0,0.04446931245129968,0.04069942926298399,0.17012821750867713,0.0,0.0,0.0,0.026881281849252394
x2034y50,0.880693342551745,0.0,0.0,0.0,0.0,0.0,0.002918735192496769,0.07795480207478232,0.0,0.0,0.03843312018097578
x3034y50,0.030808148407254723,0.015818784486571015,0.3351041259219844,0.0,0.03477456233662973,0.4115634365573284,0.0,0.0,0.09396432066678562,0.051432775086769564,0.02653384653667652
x34y550,0.05167139452730294,0.035229805939928166,0.026675198045662315,0.685987116922623,0.0755919369033635,0.04161296002241786,0.0,0.0651491525901032,0.01808243504859895,0.0,0.0
x534y550,0.03524991280823658,0.0,0.0,0.0,0.5626622893254234,0.4020877978663399,0.0,0.0,0.0,0.0,0.0
x1534y550,0.0,0.0,0.05950443588211517,0.0,0.0,0.5577176262783585,0.013092932797212097,0.10024584151110541,0.012091886047820305,0.2573472774833885,0.0
x2534y550,0.5709068898522159,0.0,0.13516114645911959,0.0,0.0,0.22606393934755972,0.0,0.0396352419445333,0.0,0.0,0.02823278239657145
x4534y550,0.6670658003649782,0.0,0.0,0.0,0.18964411329570924,0.008989637527797025,0.016404281142013446,0.04158422856102157,0.046722119421514566,0.0,0.02958981968696593
x5534y550,0.3676735006551661,0.0,0.03669161416609141,0.0,0.0,0.370884975407511,0.16278288334005628,0.0,0.0,0.06196702643117543,0.0
x6034y550,0.009920597110272565,0.0,0.7309486409900073,0.0,0.0,0.0958442726199018,0.007643752655961526,0.0,0.0,0.15564273662385672,0.0
x7034y550,0.054082744180931105,0.007099597828182058,0.2829398634672537,0.23178491499146062,0.0,0.025281563408337124,0.0,0.07984859053162341,0.0,0.26025423913743656,0.05870848645477547
x8034y550,0.12915093025243068,0.6093639156060553,0.05088344268347592,0.0,0.0,0.09013739720249764,0.0,0.0,0.0,0.0,0.12046431425554056
x8534y550,0.06400156787817252,0.0,0.0,0.0,0.0,0.4351864080178621,0.26395910477966383,0.0,0.1314334584688572,0.0,0.10541946085544435
x9034y550,0.0,0.09596995658266814,0.08193218521380236,0.0,0.429706469798267,0.3741382923119192,0.0,0.0,0.0,0.018253096093343305,0.0
x9534y550,0.0,0.0,0.010829089520173191,0.0,0.40524792943553745,0.2633305230536975,0.04928549114334286,0.0,0.0,0.27130696684724914,0.0
x10034y550,0.4400246173175537,0.0,0.13197889367101454,0.24129538115634502,0.0,0.06734685493047264,0.009616046888939966,0.026137044946851932,0.0,0.05820961347642876,0.02539154761239346
x34y1050,0.020240812507653583,0.07045434352493292,0.0,0.0,0.32402458347808477,0.5677427407136566,0.0,0.0,0.0,0.0175375197756723,0.0
x1034y1050,0.4694753035230443,0.007786530988304385,0.0,0.0,0.054500258266661494,0.0,0.01279337696397187,0.03933098486247659,0.16823969884451198,0.2478738465510294,0.0
x1534y1050,0.0,0.06739972091459838,0.0361647354259516,0.0,0.0,0.23567005830136864,0.0,0.0,0.0,0.6607654853580813,0.0
x2034y1050,0.6322389825078869,0.046279033069263516,0.0,0.04652804771118813,0.0,0.024809814351824194,0.0,0.0371502212206033,0.028922148037857934,0.184071753101376,0.0
x3034y1050,0.10451775708172244,0.0,0.8697825729817441,0.0,0.0,0.007277794973847449,0.0,0.0,0.018421874962686016,0.0,0.0
x3534y1050,0.7072418615981149,0.056610084758328405,0.0,0.0,0.06295094986666634,0.0,0.0028677092398160893,0.0,0.046105385896650836,0.0,0.1242240086404234
x4534y1050,0.0,0.3654568286815917,0.0,0.0,0.11296076466723398,0.23908043272209284,0.12253641889621596,0.0,0.0,0.0,0.15996555503286555
x5034y1050,0.6756566212511393,0.0,0.0,0.0,0.0,0.3088465142240223,0.0,0.0,0.015496864524838432,0.0,0.0
x5534y1050,0.140420224706713,0.0,0.4204704581319296,0.0,0.13287689454667312,0.06329702529601823,0.0,0.14716846727557287,0.0,0.09576693004309308,0.0
x7034y1050,0.023410803682371535,0.12544982689185244,0.07258650342609783,0.0,0.0,0.2163328028206833,0.09060197966814373,0.0,0.0,0.47161808351085105,0.0
x7534y1050,0.24396554314839966,0.0,0.07481222609238798,0.0,0.0,0.46776915621216403,0.15272274835266103,0.0,0.0,0.060730326194387146,0.0
x8034y1050,0.27078617648879744,0.1578877260838252,0.06095616354666785,0.06945551804940349,0.0,0.29576464361811233,0.0,0.0,0.0,0.1451497722131936,0.0
x8534y1050,0.0,0.0,0.018200299963910073,0.9094708444383257,0.0,0.03581405423230208,0.0,0.036514801365462146,0.0,0.0,0.0
x9034y1050,0.6592143833493176,0.0,0.0,0.08988801297101763,0.0,0.2508976036796647,0.0,0.0,0.0,0.0,0.0
x9534y1050,0.014823502113022313,0.17515982018601983,0.0,0.0,0.0,0.8000687002120741,0.009947977488883791,0.0,0.0,0.0,0.0
x10034y1050,0.49572978135121687,0.0,0.2619438299694218,0.0,0.0,0.2423263886793614,0.0,0.0,0.0,0.0,0.0
x10534y1050,0.3641685669868472,0.0,0.0,0.6008492067376473,0.0,0.0,0.0,0.0,0.0,0.03498222627550572,0.0
x34y1550,0.104876770348054,0.0,0.0,0.7347232677749235,0.06588411354333333,0.014449961472777734,0.0,0.0,0.0,0.08006588686091148,0.0
x534y1550,0.0,0.0,0.25238110459249075,0.6330330443187558,0.025592463172125848,0.0,0.08899338791662761,0.0,0.0,0.0,0.0
x1034y1550,0.49357932934989013,0.0,0.0,0.1388022436689611,0.09492902155995965,0.0,0.272689405421189,0.0,0.0,0.0,0.0
x2034y1550,0.0797386053887444,0.8212506206332455,0.0,0.0,0.05521212430799683,0.022633750018848445,0.0,0.0,0.0,0.0,0.02116489965116478
x4534y1550,0.33548136536979184,0.0,0.0,0.27584744464798594,0.0229778955595239,0.08338250272003894,0.2823107917026594,0.0,0.0,0.0,0.0
x5034y1550,0.6443027245917062,0.0,0.15103978860410472,0.0,0.08906706564015122,0.034231041334507065,0.0813593798295308,0.0,0.0,0.0,0.0
x5534y1550,0.2447664838282496,0.0,0.0,0.3883814427298267,0.0,0.2933129238702075,0.07353914957171626,0.0,0.0,0.0,0.0
x6034y1550,0.0,0.0,0.0,0.7232823346445286,0.22341849537956873,0.044138393568856016,0.009160776407046623,0.0,0.0,0.0,0.0
x6534y1550,0.40459871493136523,0.0,0.04652764199494653,0.36022453333956006,0.009178801168127821,0.0,0.17947030856600044,0.0,0.0,0.0,0.0
x7034y1550,0.0,0.0,0.05555127832847512,0.5700978570168262,0.0,0.37435086465469863,0.0,0.0,0.0,0.0,0.0
x7534y1550,0.6496576928520712,0.0,0.0,0.2752775953843295,0.0,0.0750647117635993,0.0,0.0,0.0,0.0,0.0
x8034y1550,0.7694925790306433,0.04601675497695632,0.019064176606788635,0.0,0.08220589318210011,0.0,0.07929256936631435,0.0,0.003928026837197337,0.0,0.0
x8534y1550,0.0,0.0,0.08230194649038321,0.8580326051982998,0.027927828914745063,0.0,0.0,0.031737619396571805,0.0,0.0,0.0
x9034y1550,0.11281640057100235,0.023985433606236325,0.0,0.5701597650497982,0.1021323553802035,0.0,0.14903890445094467,0.0,0.0,0.0,0.04186714094181509
x9534y1550,0.2748781306596699,0.0,0.15182651126466473,0.4263690941953399,0.028279093103096446,0.11864717077722906,0.0,0.0,0.0,0.0,0.0
x10034y1550,0.0,0.09484638636678727,0.06013496322904639,0.556447337512253,0.140659540330212,0.02022410909792924,0.04411140203406981,0.0,0.0,0.0,0.08357626142970231
x10534y1550,0.0,0.0,0.0,0.9081903118190947,0.08150965184838196,0.0,0.0,0.0,0.010300036332523438,0.0,0.0
x34y2050,0.018981571198992114,0.0,0.029890104389790596,0.7325211792761348,0.04851706295977942,0.0,0.17009008217530325,0.0,0.0,0.0,0.0
x534y2050,0.0,0.16788404196325557,0.13763790635218662,0.6944780516845578,0.0,0.0,0.0,0.0,0.0,0.0,0.0
x1034y2050,0.3890434477184825,0.0,0.0,0.27506508155384835,0.0,0.2821028254129733,0.05378864531469578,0.0,0.0,0.0,0.0
x1534y2050,0.0,0.0,0.025698461604966603,0.3282272678897714,0.0,0.6072070489309425,0.038867221574319495,0.0,0.0,0.0,0.0
x5034y2050,0.47437542952047135,0.0,0.01873950582474725,0.3230256975934995,0.07001504772764587,0.046608991683144176,0.04157674079927779,0.0,0.0,0.0,0.02565858685121414
x5534y2050,0.017526425845191995,0.0,0.0,0.9111335764171684,0.0,0.0,0.07133999773763947,0.0,0.0,0.0,0.0
x6034y2050,0.23923881909198264,0.008508204258601687,0.13921910269167442,0.49702195764577806,0.0,0.11601191631196316,0.0,0.0,0.0,0.0,0.0
x6534y2050,0.501170856329485,0.026516089694792945,0.0,0.03471083461823127,0.0,0.014161467180750351,0.2425319410475553,0.0,0.09340837202894506,0.0,0.08750043910024007
x7034y2050,0.0,0.0,0.25494970453108645,0.663058060164774,0.011167032853086607,0.0,0.0,0.01819475429617928,0.0,0.05263044815487361,0.0
x7534y2050,0.0,0.0,0.05921332064011084,0.5472575201439954,0.07282081940974729,0.0,0.08039294590785734,0.0,0.07560263236806992,0.16471276153021913,0.0
x8034y2050,0.32678279746690525,0.0,0.1472493710785763,0.5205217006134953,0.0,0.005446130841023074,0.0,0.0,0.0,0.0,0.0
x8534y2050,0.6764351658322785,0.0,0.0,0.2999819445145662,0.0,0.0,0.01701384354707252,0.0,0.0,0.0,0.006569046106082839
x9034y2050,2.667711913754829e-10,0.0,0.014646849488465707,0.7922024930152314,0.14253513105746052,0.0,0.0025081534428016364,0.0,0.0,0.048107372729269494,0.0
x9534y2050,0.0,0.0,2.1609375212218897e-10,0.9296323083700896,0.013305683010831534,0.0,0.057062008402985136,0.0,0.0,0.0,0.0
x10034y2050,0.0,0.0,0.0,0.8481724214438668,0.08790090365032041,0.0,0.06392667490581273,0.0,0.0,0.0,0.0
x10534y2050,0.0,0.0,0.04069506085978049,0.8592798034973774,0.03485836769908203,0.028763371412659326,0.03640339653110066,0.0,0.0,0.0,0.0
x34y2550,0.0,0.0,0.09897385788362495,0.6723329145988229,0.0,0.04681080416435951,0.10605158240217774,0.033468735454739,0.0,0.0,0.042362105496275906
x534y2550,0.0,0.0,0.11605432794546736,0.7127176834343821,0.08641612384397075,0.0,0.08481186477617982,0.0,0.0,0.0,0.0
x1034y2550,0.010578849733004195,0.0,0.07820946468969542,0.8447353398230387,0.0,0.00512163131709322,0.06135471443716835,0.0,0.0,0.0,0.0
x1534y2550,0.007420096261220107,0.0,0.0,0.6914094313117186,0.059996513429799045,0.0,0.24117395899726213,0.0,0.0,0.0,0.0
x2034y2550,0.0,0.0,0.0,0.7362379377811352,0.17813804895576532,0.023114042545211076,0.01036941550142933,0.0,0.0,0.014356289867237422,0.037784265349221594
x2534y2550,0.4241301434798187,0.09439277911513987,0.0,0.044377602106041684,0.04020874966672028,0.0,0.3813429878659002,0.0,0.0,0.01554773776637923,0.0
x3034y2550,0.2696730167899902,0.007295048104821181,0.21285729942450848,0.0,0.35976481379357805,0.05973532422950344,0.00537798185093408,0.0,0.0,0.08529651580666447,0.0
x4534y2550,0.011726831875000301,0.0023093421770883455,0.0,0.872918422123792,0.0,0.033393215163496776,0.0,0.016097339391978823,0.0,0.06355484926864356,0.0
x5034y2550,0.0958405434298426,0.0,0.2129565492651847,0.20694416237502933,0.0,0.13236958978416397,0.16160209706980527,0.05974407511092942,0.08952463979115666,0.0,0.04101834317388814
x5534y2550,0.03721151483578184,0.0,0.0,0.6879101034723284,0.036133583955560794,0.06546908837657268,0.11460968672804565,0.0,0.019179523364551865,0.039486499267158776,0.0
x6034y2550,0.0073409644927971895,0.0,0.21228041932306563,0.6748105576671808,0.012350091741183124,0.0,0.0932179667757734,0.0,0.0,0.0,0.0
x6534y2550,0.0,0.002216378259517745,0.07858030844249658,0.45668029732637655,0.08161916408309311,0.025721214395511362,0.3551826374930046,0.0,0.0,0.0,0.0
x7034y2550,0.0,0.0,0.23394414838865876,0.5766793294710181,0.0912088443950078,0.06388878330609839,0.0,0.0,0.0,0.034278894439217014,0.0
x7534y2550,0.07002225894115406,0.0,0.023924212693871863,0.869090295113378,0.0,0.0,0.03696323325159616,0.0,0.0,0.0,0.0
x8034y2550,0.0,0.0,0.0,0.715955394016779,0.027008446935591995,0.0,0.1970412340294729,0.0,0.0,0.059994925018156224,0.0
x8534y2550,0.0,0.005486051872883213,0.03399147702230951,0.8553486034162129,0.0,0.0,0.07433150828826358,0.009151479888776601,0.0,0.0,0.0216908795115543
x9034y2550,0.0,0.0,0.31595158192539435,0.499387561508195,0.08489310895541716,0.01606951611812627,0.0,0.0,0.0,0.045962678861126316,0.03773555263174087
x9534y2550,0.0,0.0,0.031728752550038784,0.9398459348864928,0.0,0.008312580242251628,0.0,0.0,0.0,0.02011273232121681,0.0
x10034y2550,0.0,0.0,0.0,0.9471160654540773,0.03312234994813088,0.0,0.0,0.0,0.01976158459779182,0.0,0.0
x10534y2550,0.0,0.022881860915863965,0.08509370964802329,0.6847930136801419,0.1454079071441255,0.0,0.04866685899872119,0.013156649613124119,0.0,0.0,0.0
x34y3050,0.0,0.0,0.046175376988974066,0.28512828989770544,0.14504161547029637,0.03259639731561236,0.1992368614782839,0.0,0.0,0.0,0.2918214588491279
x534y3050,0.0019907449612222242,0.0,0.06769537507593149,0.8440529784257825,0.03439435882670161,0.0,0.05186654271036216,0.0,0.0,0.0,0.0
x1034y3050,0.008293513161393543,0.0,0.0,0.9225293268083032,0.0,0.013264169268192214,0.0,0.019753858607387726,0.0,0.0,0.036159132154723335
x1534y3050,0.010633607200362539,0.0,0.060010281036927904,0.7016210716991831,0.0,0.0,0.2277350400635264,0.0,0.0,0.0,0.0
x2034y3050,0.0,0.019832503485436297,0.0,0.8931841716079307,0.0,0.0,0.0869833249066331,0.0,0.0,0.0,0.0
x2534y3050,0.0,0.0,0.3135629651799048,0.520485081460036,0.0,0.03387963804451213,0.1320723153155471,0.0,0.0,0.0,0.0
x3034y3050,0.0,0.0,0.17089132977896923,0.6526341588341322,0.0,0.02569504091436442,0.09868771680303763,0.0,0.0,0.052091753669496525,0.0
x3534y3050,0.05212063263035225,0.0,0.009906491309927679,0.3458973268754091,0.0,0.3220426341079385,0.2700329150763725,0.0,0.0,0.0,0.0
x4534y3050,0.056009490435677205,0.0,0.021894564871222242,0.8503486739901179,0.0,0.011466063330898536,0.06028120737208394,0.0,0.0,0.0,0.0
x5034y3050,0.30104569926759234,0.0,0.0,0.4824989169475856,0.0,0.040467999983884416,0.17598738380093756,0.0,0.0,0.0,0.0
x5534y3050,0.003455316086162042,0.0,0.2591821571764414,0.7121492731041725,0.0,0.02521325363322397,0.0,0.0,0.0,0.0,0.0
x6034y3050,0.4335737941544205,0.0,0.0,0.2029976222727071,0.018100324366698582,0.0,0.2999499593578643,0.021191846572470262,0.024186453275839317,0.0,0.0
x6534y3050,2.1645101314006266e-10,0.0,0.0,0.7570724892793127,0.11096284835568049,2.1645101314006266e-10,0.04685928903890438,0.0,0.027678946420499506,0.05742642647270089,0.0
x7034y3050,0.0,0.0,0.0765329916030644,0.6412057827897697,0.058437645503729076,0.016365035211276507,0.20745854489216042,0.0,0.0,0.0,0.0
x7534y3050,0.38021852629363934,0.0,0.0,0.5609211167893161,0.0,0.0,0.058860356917044505,0.0,0.0,0.0,0.0
x8034y3050,0.0,0.0,0.10363812173073506,0.5240439157104029,0.0,0.0682526243425385,0.23898457312011764,0.0,0.0,0.06508076509620589,0.0
x8534y3050,0.04223999252361906,0.0,0.1715514343097027,0.3656033197406097,0.0428003974779436,0.0,0.0,0.0,0.0,0.11764524876358767,0.2601596071845373
x9034y3050,0.0,0.12008734529355256,0.14387529767852672,0.16265434070703413,0.0,0.079365585343912,0.14736467544536105,0.0,0.0,0.15485846575356166,0.19179428977805174
x9534y3050,0.0,0.0,0.3043587297182643,0.15372439802541898,0.0,0.20052898869579738,0.0,0.0,0.01240614757869181,0.0,0.32898173598182767
x10034y3050,0.08358939355194132,0.06307712133106935,0.0,0.09848285132372415,0.0,0.1999936002690597,0.0,0.0,0.0,0.14097047955738506,0.4138865539668204
x10534y3050,0.005063938150001961,0.0,0.23353204013025788,0.015269391238775656,0.0,0.1726036086928604,0.0,0.0,0.0,0.08585196726989029,0.4876790545182138
x34y3550,0.0,0.0,0.055143203255921536,0.0,0.0,0.0,0.0820022599593624,0.0,0.0,0.0,0.862854536784716
x534y3550,0.43597727694250804,0.06310362902514155,0.0,0.3001392574011037,0.01637822208916795,0.0,0.18440161454207876,0.0,0.0,0.0,0.0
x1034y3550,0.0,0.0,0.0,0.9021068999756887,0.0774535072597874,0.0,0.020439592764523784,0.0,0.0,0.0,0.0
x1534y3550,0.18524390284453526,0.0,0.0,0.5761646428622172,0.0,0.0,0.23859145429324743,0.0,0.0,0.0,0.0
x2034y3550,0.0,0.0,0.0,0.7700266642758377,0.03762767768615732,0.0,0.19234565803800502,0.0,0.0,0.0,0.0
x2534y3550,0.022784068394382982,0.0,0.0,0.7973030602513923,0.0,0.04014408051587859,0.13976879083834606,0.0,0.0,0.0,0.0
x3034y3550,0.12754934597426906,0.0,0.0,0.46747962240952745,0.0,0.0,0.4049710316162035,0.0,0.0,0.0,0.0
x3534y3550,0.50197748814821,0.30701492792036744,0.0,0.0064096994969394345,0.16043485432526958,0.01316559153735589,0.0,0.0,0.010997438571857853,0.0,0.0
x4534y3550,0.0,0.0734412801400082,0.08416094219773415,0.03250884926716929,0.06765504921502749,0.17322288596529078,0.07764222456195356,0.0,0.0,0.09752181679766433,0.3938469518551523
x5034y3550,0.0,0.09850830157028236,0.0,0.001486826132062153,0.0,0.622962962257212,0.11604911155720003,0.0,0.0,0.0,0.16099279848324347
x5534y3550,0.12449609174193019,0.0,0.04515095259546315,0.2351431601742712,0.0,0.0,0.24680825070779577,0.0,0.0,0.0,0.3484015447805397
x6034y3550,0.0,0.0,0.15588546620181143,0.15195582699156615,0.16861260062676514,0.0,0.0,0.0,0.0,0.14849241598368074,0.3750536901961765
x6534y3550,0.07825553564595097,0.18868424581383714,0.07216999528166523,0.05122590610019507,0.0,0.0,0.07183629659549354,0.0,0.0,0.0,0.5378280205628581
x7034y3550,0.0,0.04912545131652967,0.07073589895910455,0.17989666065873583,0.11873348018234897,0.0,0.014742223764526724,0.0,0.0,0.0,0.5667662851187543
x7534y3550,0.0,0.19321383220869065,0.15730510997763217,0.021272976415070997,0.09579747445681443,0.14245975939081354,0.0,0.0,0.0,0.07312112766720416,0.3168297198837741
x8034y3550,0.2245953271273508,0.06919962704608267,0.1302715288013616,0.0,0.05455479902056793,0.0,0.0,0.0,0.0,0.12111165516547563,0.4002670628391613
x8534y3550,0.0,0.22813660231772387,0.0,0.03406923472514322,0.17370726218322838,0.0,0.006612273199460499,0.0,0.0,0.17750786398281732,0.3799667635916268
x9034y3550,0.0,0.0,0.07557657224568409,0.0,0.0,0.0,0.029840803755346597,0.0,0.0,0.27815824794482713,0.6164243760541422
x9534y3550,0.009555244360151505,0.033442278708293,0.03785091644228072,0.0,0.0,0.11198029224397998,0.014499135383256959,0.0,0.0,0.31276264461096787,0.4799094882510699
x10034y3550,0.09185350786942197,0.2025454406536984,0.0,0.0,0.11469158947779878,0.15812846188041388,0.0,0.0,0.0,0.0,0.4327810001186671
x10534y3550,0.0,0.08676648584364191,0.04402151536115596,0.06344792638335225,0.0,0.0464942150998858,0.07275898844361213,0.0,0.0,0.0,0.6865108688683519
x34y4050,0.0,0.06575204157062185,0.0,0.1533736165524297,0.0,0.0524044168963093,0.12557879357492804,0.0,0.0,0.0,0.6028911314057112
x534y4050,0.0,0.15696412415619435,0.0,0.039735290840829184,0.033000766614037294,0.0,0.17492580589458903,0.0,0.0,0.11850498066412506,0.47686903183022494
x1034y4050,0.09159990570845547,0.046959461961566536,0.0,0.37531176298066554,0.0182189253258581,0.0,0.0809035162084529,0.0,0.0,0.0,0.38700642781500155
x1534y4050,0.0,0.09548422505410802,0.0,0.23491719763198832,0.0,0.04005922648451261,0.11774934989643047,0.0,0.0,0.16492193202838623,0.34686806890457433
x2034y4050,0.06248509539115953,0.0,0.0,0.7046904380327592,0.06650527599839216,0.0,0.0,0.025586513949832277,0.0,0.11811171461276002,0.02262096201509675
x2534y4050,0.17509343281601042,0.0,0.0,0.6717373141411863,0.0472821337345941,0.0,0.10588711930820906,0.0,0.0,0.0,0.0
x3034y4050,0.10303667830647763,0.05419291143051002,0.0,0.7632107958685872,0.0,0.0,0.07955961439442526,0.0,0.0,0.0,0.0
x3534y4050,0.009949053484003085,0.0,0.0,0.7682664545495194,0.06914186442665533,0.0,0.11722721104884848,0.0,0.0,0.03541541649097391,0.0
x4534y4050,0.05973815356205878,0.0,0.24280202614383362,0.0,0.0,0.0,0.0,0.0,0.0,0.09547052805889437,0.6019892922352132
x5034y4050,0.01989405683423115,0.10301982821587975,0.07691218995773803,0.03745830952644638,0.0,0.03938527530186923,0.06256351533875973,0.0,0.0,0.0,0.6607668248250756
x5534y4050,0.16913754790710173,0.07163407225211596,0.1195255917899361,0.0,0.03850857153262565,0.0,0.03739747606676613,0.0,0.0,0.14471568379918945,0.4190810566522649
x6034y4050,0.0,0.011523122638246449,0.4410136104931027,0.0,0.0,0.05681182679696206,0.040807074911314,0.0,0.0,0.0,0.4498443651603747
x6534y4050,0.0,0.04829478844807301,0.043545852654157946,0.0,0.0,0.1723323144276439,0.009276405565643915,0.0,0.0,0.12425968793120011,0.6022909509732812
x7034y4050,0.0,0.038296990227032805,0.05978296994840046,0.008221498793193177,0.0,0.47401741002929193,0.03479553274833067,0.0,0.0,0.16970137328880533,0.21518422496494566
x7534y4050,0.0,0.178002051670383,0.2007948354240791,0.005110030997006686,0.0,0.09311950549347486,0.0,0.0,0.0,0.0,0.5229735764150563
x8034y4050,0.0,0.10685322724590317,0.0,0.0,0.0,0.18104162531640464,0.10824478416520905,0.0,0.0,0.0,0.6038603632724832
x8534y4050,0.0,0.0,0.2220981903941203,0.21663751974244072,0.0,0.0,0.13724944743898623,0.0,0.0,0.11186654344267889,0.31214829898177393
x9034y4050,0.3349486824891053,0.0,0.05473321644684055,0.006789345584974035,0.0,0.0,0.0,0.0,0.0,0.24283336548234558,0.36069538999673456
x9534y4050,0.0,0.19206117356225827,0.0,0.0,0.0,0.12334698050048266,0.006850886547108019,0.0,0.0,0.13574728149108897,0.541993677899062
x10034y4050,0.0,0.17974612085711325,0.0,0.0,0.11013283519712934,0.02041402964468944,0.0,0.0,0.0,0.13229422452149991,0.5574127897795681
x10534y4050,0.0,0.16955444594995034,0.0,0.0,0.18232328178945487,0.11749505369203533,0.0,0.0,0.0,0.0,0.5306272185685595
x34y4550,0.0,0.15852141607310982,0.0245512297602257,0.10080328687019352,0.009307112145359179,0.008511685915082296,0.09726235513639384,0.0,0.0,0.1203878321078387,0.48065508199179696
x534y4550,0.0,0.04892952626117016,0.0,0.006643983727219758,0.0,0.08922053206484018,0.1069979565091111,0.0,0.0,0.1702520079227208,0.577955993514938
x1034y4550,0.0,0.028260310773471926,0.12857327572760524,0.2276292619191288,0.07037284538889792,0.0258686243206253,0.1846280022407944,0.10423075062429238,0.0,0.0,0.23043692900518406
x1534y4550,0.0,0.06889739306541912,0.05164130958682504,0.05583614182153001,0.0,0.19479859628849808,0.06133052449752767,0.0,0.0,0.0,0.5674960347401999
x2034y4550,0.0,0.13649034484033457,0.02475344403442062,0.14904980126877745,0.04659667597048707,0.0,0.0,0.0,0.0,0.18828739009094678,0.4548223437950335
x2534y4550,0.0,0.029324003323519518,0.0,0.2598752191327769,0.0,0.09171160127965629,0.1381208036691948,0.0,0.0,0.1739225862445984,0.3070457863502541
x3034y4550,0.44979074880074776,0.0874456589135415,0.0,0.3951223754158895,0.0,0.0,0.06764121686982126,0.0,0.0,0.0,0.0
x4534y4550,0.0,0.1532908802441925,0.0,0.028751338876353102,0.0,0.1922666642064255,0.0,0.0,0.0,0.10242790720552757,0.5232632094675014
x5034y4550,0.0,0.11326549292158383,0.0,0.0,0.0,0.16708130758941847,0.0,0.07548190001892738,0.0,0.09187936061607171,0.5522919388539985
x5534y4550,0.0,0.0,0.07665746705393092,0.0,0.0,0.2025132258728108,0.0,0.0,0.0,0.0,0.7208293070732583
x6034y4550,0.0,0.016732390654273847,0.06836758584330613,0.0,0.09009117693691376,0.05040145611481807,0.02641571070534126,0.0,0.0,0.0,0.7479916797453469
x7034y4550,0.24720821059728287,0.09394882305345785,0.13512874201287842,0.0,0.0,0.0,0.0,0.0,0.0,0.1864482544908835,0.33726596984549734
x8034y4550,0.0,0.10822537760313833,0.0,0.0,0.4260245539086471,0.0,0.0,0.0,0.0,0.06601911056777922,0.3997309579204354
x8534y4550,0.29153717701646414,0.04284232763796738,0.22111105263592643,0.0,0.0,0.05683497573466205,0.04459843331899647,0.0,0.0,0.0,0.34307603365598355
x9034y4550,0.0,0.029398198389879896,0.15407151602295624,0.0,0.0,0.0,0.04067857707760059,0.0,0.0,0.24643792160669922,0.5294137869028641
x9534y4550,0.0,0.047801557065922706,0.0,0.02877600822808754,0.09230617727893768,0.0,0.007935627071428383,0.0,0.0,0.17422281915357937,0.6489578112020443
x10034y4550,0.0,0.030880196861441812,0.04317052403319563,0.0,0.0,0.10928880926957367,0.0,0.0,0.0,0.0,0.8166604698357889
x10534y4550,0.0,0.0,0.04390632496739852,0.0,0.0,0.05276621260804968,0.08440095877936564,0.0,0.0,0.2567619891011747,0.5621645145440115
x34y5050,0.0,0.12053733859084828,0.014485103389068521,0.018730650706984205,0.0,0.0614760772065538,0.09192830564270639,0.0,0.0,0.0,0.6928425244638389
x534y5050,0.0,0.08665687986097545,0.0,0.0,0.0,0.2055595630978911,0.05888397795836994,0.0,0.0,0.20448923302347344,0.4444103460592901
x1034y5050,0.0,0.19871207897325072,0.0,0.0,0.0,0.026733014242077344,0.09304621020003792,0.0,0.07806728920156228,0.23315251433293444,0.3702888930501374
x1534y5050,0.0,0.0,0.04416352624443354,0.0,0.0,0.0,0.033248710673189116,0.0,0.0,0.28808331893282296,0.6345044441495543
x2034y5050,0.009314226929366305,0.08509170421002177,0.0,0.0,0.14685166496599353,0.0,0.26862789242119534,0.0,0.0,0.0,0.49011451147342305
x2534y5050,0.008547483834544834,0.03003669516070133,0.016883555606047915,0.16378066746356135,0.0,0.0,0.03403916933738114,0.0,0.0,0.17897659903881744,0.567735829558946
x3034y5050,0.0,0.08958635829297676,0.0,0.31410714513454036,0.01504146759921397,0.0,0.11155618330728534,0.0,0.0,0.10955372677760034,0.3601551188883832
x3534y5050,0.0019287567291130158,0.06816512019763361,0.10672926498081219,0.0,0.0,0.22723721125569424,0.0,0.0,0.0,0.0,0.5959396468367469
x4534y5050,0.0,0.0,0.16280174896114752,0.030068829568635613,0.05936825892671153,0.0,0.006383260447680176,0.0,0.0,0.13873015875822542,0.6026477433375996
x5034y5050,0.0,0.1667847587249016,0.019483907956647416,0.07602900094940032,0.0,0.09081782179601444,0.0,0.0,0.0,0.09393254832473256,0.5529519622483037
x5534y5050,0.0,0.0,0.0,0.0,0.0,0.16803016735177895,0.134554508454233,0.10696123816759902,0.0,0.0,0.590454086026389
x6034y5050,0.19350113853970774,0.0,0.15684702017630034,0.0,0.04034721061744952,0.13162404665328786,0.0,0.0,0.0,0.0,0.4776805840132546
x6534y5050,0.0,0.0,0.018998641564730922,0.003618882798205497,0.0,0.0,0.08509833006803226,0.0,0.0,0.19865921775057632,0.693624927818455
x7034y5050,0.0,0.0,0.07279718447739221,0.11370785524268975,0.06733887771086333,0.1602898333577573,0.0,0.0,0.0,0.1728340791091978,0.4130321701020996
x7534y5050,0.34441177883354984,0.09932855623426418,0.0,0.0,0.09883570227719611,0.025448043084753975,0.007760090200735966,0.0,0.0,0.0,0.4242158293695
x8034y5050,0.0,0.026559480118232334,0.0,0.04929229568969844,0.6208928851664455,0.0,0.09624810860233667,0.0,0.0,0.0,0.20700723042328711
x8534y5050,0.0,0.0,0.40713656029028483,0.0,0.10809137769975008,0.035394893342349444,0.0,0.0,0.2410651626966833,0.0,0.2083120059709325
x9034y5050,0.012508492492489158,0.015483227491174744,0.14351033491549609,0.0,0.0,0.06826458767915579,0.0,0.0,0.0,0.0,0.7602333574216843
x9534y5050,0.0,0.18210286252794808,0.16519477139237854,0.06172749884676776,0.04740094548317743,0.0,0.03446763572631667,0.0,0.0,0.0,0.5091062860234115
x10034y5050,0.05564161028274989,0.08582498950574396,0.0,0.0,0.0,0.10362500213625889,0.12509397585484278,0.0,0.06162651760525345,0.28028405209093965,0.28790385252421136
x10534y5050,0.05491299672928883,0.025906470394447698,0.0,0.0,0.0,0.2626193803550362,0.0,0.0,0.09275495954131042,0.4122962106882158,0.15150998229170098
x34y5550,0.0,0.0,0.06126807852453344,0.010590464678218569,0.0,0.0,0.007889601125636652,0.09062693586534185,0.19950927918075528,0.0,0.6301156406255143
x534y5550,0.14206798333735074,0.0044860890593915355,0.2727587629144697,0.006688770662697014,0.0,0.0,0.0,0.0,0.22517666026617067,0.0,0.3488217337599202
x1034y5550,0.3215260136611725,0.11819137727975593,0.3222149125775205,0.0,0.0,0.0,0.028351893161465306,0.0,0.0,0.20971580332008583,0.0
x1534y5550,0.0,0.01022654315099525,0.6715207070782634,0.0,0.0,0.0,0.0,0.0,0.0,0.17413682799972321,0.14411592177101815
x2034y5550,0.13955232777887627,0.07426969152102403,0.030719818413399068,0.0,0.0,0.0,0.15692684841598212,0.0,0.0,0.20450773652055285,0.3940235773501658
x2534y5550,0.0,0.16967084679650407,0.07749041865148243,0.14586886549235267,0.04215890529165015,0.0,0.07860238381267211,0.0,0.0,0.0864424566072467,0.39976612334809186
x3034y5550,0.15516124601795536,0.05360585094978683,0.0,0.006065979640220847,0.07225369346714886,0.0,0.24465123083172793,0.0,0.0,0.1422006791938909,0.3260613198992692
x3534y5550,0.010010795819942457,0.0,0.06328092423347975,0.0732968438623484,0.0,0.0,0.0,0.0,0.0,0.1462807275065062,0.7071307085777231
x4534y5550,0.0,0.0,0.16541192618811532,0.43241796296079177,0.035005991847616,0.0,0.019074148537659267,0.0,0.0,0.09740779461623904,0.25068217584957864
x5034y5550,0.0,0.012844630154043163,0.17712026137859016,0.0,0.0,0.24375800001319028,0.0,0.0,0.0,0.0,0.5662771084541764
x5534y5550,0.0,0.2413649221619496,0.10540165867392785,0.0,0.0,0.0,0.0,0.0,0.0,0.0,0.6532334191641226
x6034y5550,0.4758732956718003,0.0,0.10159599600774297,0.0,0.0,0.013652456446749528,0.0,0.0,0.0,0.0,0.40887825187370724
x6534y5550,0.0,0.03420809360936159,0.041319763626217275,0.0,0.3229178540587543,0.0,0.008304489397721609,0.0,0.0,0.21918347576687947,0.37406632354106584
x7034y5550,0.09334908510815985,0.0,0.05337307110127568,0.0,0.13925276782249724,0.37695013851541226,0.0,0.0,0.0,0.18111880770267746,0.15595612974997744
x7534y5550,0.048746548339171934,0.0,0.27569148134409516,0.0,0.0,0.44048320669087954,0.0,0.0,0.0,0.0,0.2350787636258535
x8034y5550,0.36953277757273484,0.0,0.03237439678314289,0.0,0.012524960970268277,0.0,1.786792356802953e-10,0.08528586034364503,0.07610868853993369,0.0,0.424173315611596
x8534y5550,0.0,0.0,0.10276023066775218,0.6240077509035944,0.1314755857147617,0.0,0.0404614746514893,0.0,0.03300137724396948,0.06829358081843308,0.0
x9034y5550,0.02073060477969138,0.031222296062431286,0.47518219317067656,0.0,0.0,0.1352992817758726,0.0,0.18068727512195035,0.0,0.15687834908937787,0.0
x9534y5550,0.024651639028836114,0.0,0.3737984719869423,0.03763456610720362,0.04341225907808416,0.06861941477279283,0.06942738425405119,0.06048614907779288,0.0,0.3219701156942968,0.0
x10034y5550,0.11046641707642406,0.0,0.0,0.0,0.1462937685364635,0.12949221809605935,0.0,0.0861584444617186,0.0,0.5275891518293345,0.0
x34y6050,0.006113602412889311,0.11130828991197025,0.16937631923743585,0.1375768166919934,0.049370885664808316,0.0,0.0,0.0,0.0,0.0,0.5262540860809027
x534y6050,0.0379908796386176,0.0879331869755829,0.0,0.0,0.0,0.6340390391693599,0.15008089592008927,0.0,0.0,0.0,0.08995599829635033
x1034y6050,0.0,0.4064246294257704,0.0985109213474167,0.0,0.0,0.0,0.28004319242233877,0.057102711177233076,0.15791854562724097,0.0,0.0
x1534y6050,0.006583371848823242,0.13609578723492385,0.0,0.0,0.0,0.024876691705406132,0.05778519518772212,0.0,0.0,0.2322400244849447,0.5424189295381798
x2034y6050,0.0,0.008661193239243985,0.0,0.10605116939986714,0.01272447256169946,0.0,0.27644478182325694,0.0,0.0,0.18510214524286134,0.4110162377330711
x2534y6050,0.0,0.0,0.19800014840490882,0.07914504089490533,0.019657458025058982,0.019636597543032583,0.10828241523682211,0.0,0.0,0.06124026748505788,0.5140380724102143
x3034y6050,0.0,0.03667956758774177,0.04785257548029889,0.0,0.067868216204406,0.0,0.13707375149470127,0.0,0.0,0.0,0.7105258892328521
x3534y6050,0.0,0.09530071489431191,0.06876771194064417,0.20455241194983625,0.015840736189797193,0.0,0.07420424385923018,0.0,0.0,0.09429198540835448,0.4470421957578257
x4534y6050,0.04894819872296786,0.1938861624028442,0.0,0.0,0.0,0.2298648467147316,0.0,0.0,0.0,0.2612491289784107,0.2660516631810456
x5034y6050,0.08095924207743532,0.20545368257581215,0.0,0.0,0.03765429590741401,0.012361336008643331,0.04485315970743284,0.2529242550316439,0.0,0.0,0.36579402869161853
x5534y6050,0.10515754845346077,0.12026797935350245,0.04664135577336086,0.08792222607105778,0.0,0.22563653017089927,0.0,0.0,0.0,0.2785347436197024,0.13583961655801652
x6034y6050,0.631828416552545,0.0,0.0,0.0,0.0,0.0,0.0,0.0,0.0,0.0,0.368171583447455
x6534y6050,0.017036431472636428,0.0,0.12109105723627825,0.0,0.0,0.08692770728152506,0.0012861068742383173,0.0,0.0,0.773658697135322,0.0
x7034y6050,0.0,0.0,0.0,0.09080344208444288,0.1075281812497351,0.0,0.42174477569132196,0.0,0.0,0.37992360097450006,0.0
x7534y6050,0.0261532048259857,0.05242497115063858,0.0,0.0,0.4735709413550472,0.4478508826683286,0.0,0.0,0.0,0.0,0.0
x8034y6050,0.26340819563477286,0.14925692757769482,0.0,0.0,0.0,0.19876057390497542,0.18194533450618167,0.0,0.0,0.20662896837637523,0.0
x8534y6050,0.0,0.15390033021010338,0.0,0.007481051163307284,0.0,0.437846670418229,0.19083671260448618,0.1033864679213583,0.0,0.1065487676825159,0.0
x9034y6050,0.07152636347413889,0.17353602332134177,0.15527165571029644,0.1983827663188609,0.16131470864398229,0.0,0.0,0.0,0.0,0.23996848253137962,0.0
x9534y6050,0.018781528204901535,0.20352826123108717,0.0,0.0,0.10319608536817693,0.466665502216463,0.0,0.0,0.0,0.20782862297937144,0.0
x10034y6050,0.0,0.3636352792563627,0.0,0.0,0.0,0.14890786507441717,0.0,0.0,0.0,0.48745685566922003,0.0
x10534y6050,0.2823502133354357,0.05037537655886185,0.13399960141207182,0.0,0.0,0.0,0.03928260859141292,0.0,0.0,0.4698844842750851,0.024107715827132708
x534y6550,0.0,0.0,0.060989881488178674,0.04806662213555048,0.8653429457020578,0.0,0.0,0.025600550674213168,0.0,0.0,0.0
x1034y6550,0.0,0.04036619344119763,0.0,0.04675001460729021,0.287886343283978,0.19085573529176686,0.05480026227657195,0.1298679804815448,0.18937708979159876,0.0600963808260519,0.0
x1534y6550,0.0,0.12081469357181451,0.0,0.1282799357397065,0.0,0.17717650602885968,0.04631429216274532,0.0,0.17240642289195052,0.0,0.35500814960492333
x2034y6550,0.0,0.07498534706838718,0.0,0.014939779777357292,0.35199887495144344,0.14334767499059584,0.0850409530860692,0.0,0.0,0.0620726180611682,0.26761475206497887
x2534y6550,0.09285920985506046,0.14098466872147286,0.0,0.022588281324314546,0.0,0.009132820298542491,0.08407557028116656,0.0,0.0,0.0,0.650359449519443
x3034y6550,0.0,0.07625855994611608,0.08695337234820813,0.0,0.04235609365467943,0.0,0.0,0.0,0.0,0.0,0.7944319740509963
x3534y6550,0.0,0.1420584313135281,0.07824039450930032,0.0,0.2331624136039542,0.0,0.0,0.0,0.0,0.14053064702814427,0.40600811354507316
x4534y6550,0.11816980347507466,0.025802968175194094,0.0,0.0,0.469844699217079,0.024811366391328506,0.0,0.02414116868071851,0.0,0.12971666587988548,0.2075133281807196
x5034y6550,0.04970357092198797,0.12694878161311274,0.0,0.030176303830747545,0.0,0.29441042438033216,0.0,0.06697568559546631,0.0,0.2518494144634531,0.17993581919490026
x5534y6550,0.042556551503155945,0.04332380644230894,0.07529750849379618,0.0,0.0,9.029347588100683e-11,0.0,0.23097214334573793,0.0,0.6078499901247075,0.0
x6034y6550,0.4206050684199411,0.09468475276239018,0.04345633075253126,0.1625981827726366,0.20289122626514772,0.07576443902735332,0.0,0.0,0.0,0.0,0.0
x6534y6550,0.0,0.08348071582642291,0.14283239954811947,0.0,0.3116904217421455,0.0,0.1493447383726122,0.0,0.0,0.3126517245106999,0.0
x7034y6550,0.0,0.07839246820408552,0.0,0.22988755108321846,0.32179670443004027,0.0,0.0,0.0,0.0,0.2710325029295491,0.09889077335310656
x7534y6550,0.0,0.008064234849850051,0.01880497988142084,0.0,0.3137733887581524,0.2872292780903892,0.0,0.0,0.0,0.2459776963754712,0.12615042204471627
x8034y6550,0.3338885421051244,0.012859082245472983,0.0,0.0,0.034812051233812105,0.0,0.08720765958892246,0.0,0.0,0.5312326648266681,0.0
x8534y6550,0.0,0.17146110022346456,0.0,0.0,0.4966295374081332,0.2856380042261244,0.0,0.0,0.0,0.04627135805007119,9.22067428003523e-11
x9034y6550,0.0,0.05120531996144776,0.0,0.0,0.21427197430908287,0.18526127780059062,0.0,0.15402150669605696,0.0,0.3952399212328218,0.0
x9534y6550,0.0,0.0,0.0,0.0639831868375695,0.11353606313047986,0.09994088693742512,0.23995887477484035,0.0,0.0,0.36050211320302267,0.12207887511666245
x10034y6550,0.0,0.0,0.17782445596827373,0.0,0.0,0.3475565782578232,0.0,0.0,0.0,0.47461896577390306,0.0
x10534y6550,0.25887074290579964,0.0,0.0026705496815767806,0.0,0.21363287838517755,0.0,0.014726252037364522,0.0,0.0,0.5100995769900815,0.0
x34y7050,0.00361488045184989,0.07980568661974849,0.026570595243241936,0.09074863388851787,0.03091255186486085,0.0,0.0,0.0,0.0,0.6389608120354309,0.12938683989635022
x534y7050,0.0,0.015688155278533573,0.017340746109725337,0.09153526657353127,0.08946424359483345,0.0,0.1472228360746677,0.0,0.0,0.46694282449379315,0.17180592787491547
x1034y7050,0.22818235446055077,0.08209661060325162,0.0,0.0,0.24229822419775993,0.0,0.03415650251712697,0.1329067815947103,0.0,0.2803595266266004,0.0
x1534y7050,0.04487913024866854,0.03050336474179992,0.0,0.05029482887887344,0.22475300476562515,0.04270451783702723,0.0,0.22323245620081628,0.1138595553614433,0.0,0.2697731419657462
x2034y7050,0.06035916096038859,0.19374428687057313,0.0,0.019172311296777385,0.3349861800465225,0.0,0.0,0.0,0.18666164885453324,0.0,0.20507641197120513
x2534y7050,0.042931354003752316,0.04441538048726947,0.0,0.10695729875597415,0.026911261448121563,0.0,0.0,0.0,0.26484391209254415,0.0,0.5139407932123384
x3034y7050,0.2771766830777304,0.0,0.012987285255764739,0.0,0.024521503806614307,0.0,0.0,0.0,0.0,0.2661518593357124,0.4191626685241782
x3534y7050,0.03509275835287424,0.0,0.015566202848898168,0.0,0.0,0.09753370163942722,0.0,0.0,0.0,0.0,0.8518073371588004
x4534y7050,0.05631024572015733,0.11931259085004393,0.3442332918900755,0.0,0.21119884791314844,0.03776361290525266,0.0,0.0,0.0,0.23118141072132212,0.0
x5034y7050,0.0,0.01140607985411158,0.29444020763016693,0.3071974829690177,0.11097616142691538,0.0,0.20434760895569612,0.043141326972430616,0.028491132191661644,0.0,0.0
x5534y7050,0.0,0.08753385582664833,0.19074349793867462,0.3012526463557077,0.07187473738798246,0.0,0.0,0.11189794608322497,0.0,0.23669731640776193,0.0
x6034y7050,0.03666428263527981,0.18730658835907846,0.0,0.0,0.0,0.3914276921111521,0.0,0.0,0.0,0.3846014368944896,0.0
x6534y7050,0.0,0.018975823716645194,0.0715733583268019,0.0,0.0,0.12331426883711938,0.0,0.10742310724971643,0.0,0.5213912141381606,0.1573222277315564
x7034y7050,0.10364394268455877,0.08016951362325345,0.019821493689513463,0.6084455710860746,0.1879194789165998,0.0,0.0,0.0,0.0,0.0,0.0
x7534y7050,0.15713088338001194,0.15601238265409592,0.0,0.0,0.13423647726126764,0.15157087456356944,0.0,0.0,0.0,0.25203590450543006,0.14901347763562495
x8034y7050,0.19235781301208432,0.0,0.46837134375746137,0.0,0.033406865048076974,0.17303756430199582,0.0,0.0,0.0,0.11272814215608329,0.020098271724298043
x8534y7050,0.0,0.17570122222219264,0.0,0.0,0.2579654565824393,0.15864680176934454,0.0,0.0,0.0,0.4076865194260235,0.0
x9034y7050,0.0,0.2232374212727439,0.0,0.0,0.5318705819328596,0.0,0.04669179604805852,0.0,0.0,0.19820020074633796,0.0
x9534y7050,0.49405109702014505,0.0029864658350441473,0.06355846327106218,0.0,0.12312690702714651,0.12817125852853015,0.0,0.0,0.007190593052186126,0.11651016411271153,0.06440505115317424
x10034y7050,0.0,0.0,0.04717039829898881,0.04112302952297976,0.8936743601812666,0.0,0.01803221199676489,0.0,0.0,0.0,0.0
x10534y7050,0.0025835082703747443,0.23026934567933716,0.06595662649895208,0.0,0.0,0.023173160089522242,0.0,0.0,0.2520970115819442,0.0,0.4259203478798697
x34y7550,0.05673300666448059,0.13964919442826754,0.0,0.09159429143540444,0.38345424306761505,0.0,0.0,0.025866133086541603,0.0,0.3027031313176908,0.0
x534y7550,0.020518192569647115,0.14390440361820991,0.0,0.013748256127892705,0.11866485283718552,0.10210922820059326,0.14876357651056307,0.0,0.0,0.45229149013590847,0.0
x1034y7550,0.09331562792928186,0.1080232195855117,0.0,0.18957864929767612,0.21650240367821602,0.0,0.0,0.0,0.0,0.3925800995093143,0.0
x1534y7550,0.0,0.2020508410518724,0.0,0.008813429324923879,0.06418828957584692,0.0,0.2432867617708756,0.0,0.0,0.4816606782764812,0.0
x2034y7550,0.0,0.11308496043728325,0.0,0.0,0.15946917210146463,0.12041340084842138,0.024111398381440812,0.0,0.0,0.42965145593208454,0.1532696122993054
x2534y7550,0.1515539728636854,0.08803100614520536,0.0,0.0,0.3867609341985578,0.1759857767281394,0.026429923288409034,0.0,0.0,0.0,0.17123838677600284
x3034y7550,0.0,0.0,0.3339729230809826,0.01136675296465639,0.0,0.062143331257667696,0.0,0.0,0.0,0.44244511956762356,0.15007187312906975
x3534y7550,0.32643473671660006,0.09737148412990937,0.0,0.0,0.0,0.25532718496469864,0.0,0.0,0.0,0.3208665941887919,0.0
x4534y7550,0.27384331099487264,0.0,0.1474084383175682,0.0,0.0,0.3851528405212531,0.08995786527976103,0.0,0.0,0.10363754488654496,0.0
x5034y7550,0.0,0.05816794560636919,0.0,0.0,0.0671263880068359,0.0,0.0,0.0,0.20954873755900658,0.6651569288277883,0.0
x5534y7550,0.018590815664093117,0.0,0.0,0.2931503449165163,0.20619296919897748,0.0,0.08576767869234547,0.3962981915280675,0.0,0.0,0.0
x6034y7550,0.2506435438851255,0.0,0.34397022332049776,0.0,0.0,0.06383148207175735,0.0,0.0,0.16790378949284954,0.17365096122976978,0.0
x6534y7550,0.0,0.19934586158462458,0.0,0.0,0.0,0.4544288881885567,0.0,0.06465408749149765,0.0,0.281571162735321,0.0
x7034y7550,0.20876476278790088,0.1303320052399816,0.0,0.0,0.0,0.30485512334523224,0.0,0.0,0.0,0.231930798645052,0.12411730998183315
x7534y7550,0.2569191279256211,0.0,0.0924060425149247,0.2610886355221289,0.14780980043471628,0.0,0.0,0.03531234427047128,0.07116373663253972,0.0,0.13530031269959797
x8034y7550,0.06830523236230059,0.07750899396159414,0.08699038403928437,0.10718417203088113,0.21996790723589624,0.20786079523612572,0.0,0.05484198199897069,0.17734053313494708,0.0,0.0
x8534y7550,0.023904235402894866,0.06368413219519907,0.06861761413838441,0.009916543878827037,0.1372626515230551,0.144318474976292,0.020468439529273005,0.0,0.3197807219832945,0.21204718637278017,0.0
x9034y7550,0.023751375467114692,0.044406891127736464,0.17529633700343272,0.0,0.18403983670664542,0.017578098210530066,0.16186296086991925,0.0,0.3930645006146212,0.0,0.0
x9534y7550,0.0,0.0,0.0,0.0,0.0,0.1304908166536078,0.1349376674539908,0.0,0.34042391310368836,0.39414760278871314,0.0
x10034y7550,0.0,0.0,0.028800425734149544,0.0,0.057826787895134485,0.07378617810454126,0.0,0.01807036897081685,0.2935310439567439,0.42595794393706415,0.10202725140154983
x10534y7550,0.0,0.005833522601493145,0.023186223711066108,0.0,0.06116238994479991,0.1417263523873169,0.0,0.0,0.41752850700863353,0.35056300434669035,0.0
x34y8050,0.2030819155884613,0.1315774330872093,0.0,0.0,0.3577448067345392,0.05730940267813292,0.045721316772994576,0.015442514026503153,0.029986466932891972,0.15913614417926764,0.0
x534y8050,0.11508582689599688,0.0,0.020061690838102945,0.012569861545405042,0.0,0.24469117950872868,0.22687408799587996,0.0,0.0,0.3807173532158866,0.0
x1034y8050,0.0,0.16684511892467535,0.0,0.0054930252279272,0.06069931090212591,0.2147047489491191,0.15358406488503823,0.22517558682818276,0.0,0.17349814428293145,0.0
x1534y8050,0.01490217085689147,0.036436611511036734,0.0,0.0,0.0,0.261195991724699,0.13709419731093817,0.14765864091781802,0.0,0.4027123876786166,0.0
x2034y8050,0.014443664431693353,0.27894771393859386,0.02909913632232964,0.08273831686164783,0.19309363511363958,0.0,0.0,0.0,0.0,0.4016775333320958,0.0
x2534y8050,0.06559729871434852,0.2054464825708269,0.0,0.0,0.11120490961179862,0.24991094178343742,0.03630973064222393,0.07956602703643079,0.0,0.25196460964093376,0.0
x3034y8050,0.13117923852430488,0.1847194260205086,0.0,0.003977034881607485,0.45551374664723515,0.0,0.0,0.0,0.0,0.22461055392634394,0.0
x4534y8050,0.0,0.0645625854274767,0.024801097505877823,0.0,0.0,0.44465540216128,0.0032883786980912218,0.0,0.0,0.3186868039800802,0.14400573222719396
x5034y8050,0.002565471867395212,0.20947956996638203,0.0,0.001976228328140245,0.0,0.25806251356056636,0.01271119667351578,0.11935987726338017,0.13255358908493825,0.26329155325568204,0.0
x5534y8050,0.029107063816048738,0.612926898187156,0.10272583022831176,0.0,0.0,0.08419045067736328,0.0,0.0,0.04447868023246647,0.12657107685865382,0.0
x6034y8050,0.0,0.03666140805087024,0.07900253988584396,0.0,0.6521080733925995,0.0,0.0,0.06161458798208215,0.0,0.17061339068860415,0.0
x6534y8050,0.029797122396862788,0.008420602367505019,0.0,0.019197097753083057,0.0,0.14505954933898418,0.0,0.0,0.32393649133542396,0.4735891368081411,0.0
x7034y8050,0.0,0.2177791226595874,0.0,0.006501167546018161,0.0,0.1756185462315741,0.0,0.0,0.6001011635628204,0.0,0.0
x7534y8050,0.25894826310047847,0.03253872642085015,0.0,0.0,0.23902234684327578,0.39688194755756645,0.01298238849662229,0.0,0.05962632758120697,0.0,0.0
x8034y8050,0.0,0.1246733022968668,0.0,0.0415012074538244,0.08710298440335837,0.08701077275043333,0.0,0.0,0.5584312052607223,0.0,0.10128052783479476
x8534y8050,0.13745865972339155,0.011802540284447383,0.0,0.0,0.2983484007592562,0.0,0.0660540810824419,0.0,0.40458803725741965,0.08174828089304324,0.0
x9034y8050,0.2686753472177756,0.04787677670920912,0.22197409616609073,0.03693597838367057,0.0,0.0,0.0,0.0,0.3702469449665248,0.05429085655672915,0.0
x9534y8050,0.0,0.03186880782092334,0.0,0.0,0.0822101916265218,0.0,0.1551961224408457,0.0,0.7307248781117092,0.0,0.0
x10034y8050,0.1005638641457585,0.0,0.05516815957980392,0.04309641402499358,0.08760633516868133,0.0,0.0,0.0,0.7135652270807628,0.0,0.0
x10534y8050,0.014701279587852636,0.0,0.18083588846748055,0.0,0.0,0.08373656731800017,0.26585172975680416,0.0,0.4086402606927687,0.046234274177093936,0.0
x34y8550,0.002588413076866866,0.08178149062431356,0.0,0.0,0.17970799571066978,0.03686360020271061,0.0266536477030524,0.0,0.275307841515629,0.39709701116675783,0.0
x534y8550,0.4200010016908127,0.04004712239062473,0.0,0.0019081256112033064,0.06448538509398204,0.06354017710873122,0.014710324385498356,0.06757372955871747,0.2079661703330133,0.11976796382741693,0.0
x1034y8550,0.0,0.24251862758428985,0.0,0.1635361866067523,0.0,0.08157403974345422,0.16216213078149128,0.18852125417649712,0.0,0.1616877611075153,0.0
x1534y8550,0.27616272851560714,0.09236153960254327,0.0,0.0,0.2660123432650271,0.0,0.14707171665405788,0.10604782864843124,0.0,0.11234384331433331,0.0
x2034y8550,0.35853270148578226,0.14503853942962674,0.0,0.0,0.13581239417637858,0.0269624770142661,0.0,0.0,0.0,0.3336538878939465,0.0
x2534y8550,0.01797277580661836,0.22255388476404944,0.0,0.018383132369762478,0.0,0.18350525609152027,0.1197164817580832,0.0,0.0,0.43786846920996636,0.0
x3034y8550,0.04118944133657195,0.1917539429033519,0.0,0.02601549935740321,0.2510621179436069,0.0,0.033008869669635926,0.0,0.0,0.4569701287894301,0.0
x4534y8550,0.0,0.030236412814400357,0.1561238455442614,0.0,0.015623427975633158,0.005619723243786162,0.05275613216872464,0.0,0.7396404582531944,0.0,0.0
x5034y8550,0.10254114580371552,0.0,0.01271874049886829,0.0,0.13648320039589895,0.06829396173968962,0.0990924938580247,0.0,0.25221912739438906,0.15555589244686693,0.1730954378625468
x5534y8550,0.1497134916612089,0.7258721982433448,0.08246265175765777,0.0,0.0,0.0,0.0,0.0,0.030724113040892623,0.011227545296895906,0.0
x6034y8550,0.055067514188649226,0.0,0.03505578876551603,0.013030653859069345,0.10307928223608193,0.0,0.0029137939798509443,0.0,0.7223631975849802,0.06848976938585216,0.0
x6534y8550,0.0,0.0,0.08936366775702462,0.0,0.0,0.0,0.0294951427360208,0.0,0.8811411895069545,0.0,0.0
x7034y8550,0.019723672918107386,0.051743395546240925,0.0,0.16644324689910275,0.11389961292585392,0.08067165176705082,0.04151322630771864,0.0,0.5260051936359256,0.0,0.0
x7534y8550,0.03938000577428862,0.08857098589335159,0.18418497635613573,0.0,0.0,0.04876181491947121,0.0,0.0,0.6391022170567529,0.0,0.0
x8034y8550,0.023320014546564377,0.0,0.027524279082065204,0.01188488951313821,0.11834504691383146,0.00942941619517145,0.09713195427000025,0.0,0.712364399479229,0.0,0.0
x8534y8550,0.0,0.1949934637413492,0.0673804038952477,0.0,0.18092138431910754,0.0,0.04493233671745563,0.0,0.5117724113268399,0.0,0.0
x9034y8550,0.061899329927602276,0.0,0.07234545405646807,0.11962176967346953,0.029588297036432114,0.0,0.008800274826376771,0.0,0.7077448744796513,0.0,0.0
x9534y8550,0.18583102424381467,0.15891380165680113,0.0,0.0,0.06631653446237509,0.08567123747589318,0.07116457667293007,0.0,0.43210282548818585,0.0,0.0
x10034y8550,0.0,0.011307130454045355,0.04517241386517426,0.0,0.0,0.005566765535266331,0.0,0.0,0.937953690145514,0.0,0.0
x10534y8550,0.0,0.0,0.32530584300253224,0.03869658303952457,0.0,0.0,0.0852114245483187,0.0,0.5507861494096246,0.0,0.0
x34y9050,0.27340577352373735,0.08467274909441362,0.0,0.0,0.0,0.04024977867075917,0.040933523293955734,0.0,0.5607381754171342,0.0,0.0
x534y9050,0.15842184500397663,0.23194245346301684,0.0,0.0,0.23640918044490877,0.0,0.08266561455223095,0.0,0.29056090653586675,0.0,0.0
x1034y9050,0.0,0.07129553496752065,0.0,0.0079478632675902,0.28618152249353734,0.08339626132273763,0.02382232701564091,0.0,0.0,0.5273564909329732,0.0
x1534y9050,0.0,0.12509658265205886,0.1676251608204377,0.002586458314934594,0.14001226987574528,0.02008639055751956,0.0,0.061309952258154526,0.27004613901812347,0.2132370465030261,0.0
x2034y9050,0.2778140653070891,0.05414860592365125,0.07371686321039289,0.01451027908021147,0.03680997247203214,0.0,0.0,0.0,0.25676499465749913,0.28623521934912394,0.0
x2534y9050,0.09672436276850335,0.10118532905357112,0.0,0.0055871492648564,0.4280259590762687,0.0,0.10298392956665516,0.0,0.0,0.23156567848482215,0.03392759178532306
x3034y9050,0.009408052208532115,0.019137201537401727,0.0,0.0,0.14384240995161462,0.0,0.0,0.0,0.0,0.8276123363024516,0.0
x4534y9050,0.0,0.03219306147125681,0.06609598205558842,0.0,0.0,0.17492665445911126,0.07722045360622122,0.0,0.6495638484078223,0.0,0.0
x5034y9050,0.015847065376696515,0.04366105041192654,0.0,0.06783679650833523,0.0,0.7849904440137873,0.0,0.023292507554182867,0.0643721361350716,0.0,0.0
x5534y9050,0.0,0.5445230069823768,0.0,0.008871605857439527,0.0,0.0,0.0653042023643039,0.0,0.32383707867156075,0.05746410612431921,0.0
x6034y9050,0.0,0.13712754835026292,0.05111050901775489,0.006743518414410231,0.027040926489091247,0.0,0.0,0.0,0.7779774977284807,0.0,0.0
x6534y9050,0.06258034483319988,0.16667889496245944,0.0,0.0,0.25304577435361014,0.0,0.0,0.0,0.5176949858507306,0.0,0.0
x7034y9050,0.07081344569216923,0.0,0.028652893568329726,0.01381020195137615,0.0,0.16320525090751528,0.0,0.0,0.7235182078806097,0.0,0.0
x7534y9050,0.05564113756409916,0.0,0.18647510147932778,0.038529727441206495,0.0,0.040680482299906055,0.015297837046749358,0.0,0.6633757141687111,0.0,0.0
x8034y9050,0.0,0.21153763407641543,0.0,0.0,0.050649094912362136,0.0,0.01327673792797792,0.0,0.7245365330832445,0.0,0.0
x8534y9050,0.004316526393251125,0.13914319094238964,0.03975373968384193,0.0027552525981621684,0.0635765787998328,0.10151147552196772,0.03850431372653527,0.0,0.6104389223340194,0.0,0.0
x9034y9050,0.17465793600024793,0.02998607935706727,0.03771208576021613,0.0,0.06613477339121118,0.0,0.021640321447315414,0.0,0.6698688040439421,0.0,0.0
x9534y9050,0.015116552682237154,0.0,0.07222392132269705,0.03313838772316076,0.02510062500491543,0.1107228819473801,0.010709313847120747,0.0,0.7329883174724888,0.0,0.0
x10034y9050,0.0,0.04801354367412246,0.0,0.0,0.029185243690311325,0.0656652227268908,0.09748007428548687,0.173636488879949,0.5860194267432395,0.0,0.0
x10534y9050,0.41599512214784057,0.06776956926308611,0.01699724314540144,0.0,0.26221189148425195,0.0,0.0,0.10651437247314272,0.13051180148627728,0.0,0.0
x34y9550,0.0,0.20658508227844552,0.0,0.012430055120559788,0.0,0.05467182381176016,0.045389817712171744,0.0,0.6809232210770627,0.0,0.0
x534y9550,0.0,0.1597956357826307,0.0,0.006683334713021804,0.0,0.0,0.04392368061959644,0.0,0.5481135608112027,0.24148378807354845,0.0
x1034y9550,0.09821744437517299,0.18431680314625595,0.0,0.07133942078591407,0.1782782996445404,0.08728468968609765,0.20611006563156659,0.0,0.17445327673045227,0.0,0.0
x1534y9550,0.008407462818151964,0.1843396546647847,0.2128002909899381,0.008246990469867483,0.0,0.0,0.0,0.0,0.49549356480756473,0.09071203624969298,0.0
x2034y9550,0.0,0.2292803463627267,0.0,0.002685043982817918,0.2232468031034574,0.0,0.2212839552093688,0.0,0.15480043670464036,0.16870341463698882,0.0
x2534y9550,0.2983676421175043,0.2110521246896185,0.15682321520549164,0.0,0.01242362646898867,0.012607560821209084,0.0,0.0,0.0,0.30872583069718773,0.0
x3034y9550,0.0,0.1921815213892356,0.12873013120793433,0.08911321288250701,0.044896943659873456,0.09647485623049701,0.0,0.0,0.0,0.34769782316815434,0.10090551146179823
x3534y9550,0.0,0.07889707312492455,0.0,0.002482237171109301,0.0,0.21308437929857216,0.0613494106592156,0.0,0.0,0.6441868997461784,0.0
x4534y9550,0.0024883048576728613,0.09997188477234235,0.09497033231642481,0.0,0.0,0.16294431041649138,0.043488443887031554,0.0,0.596136723750037,0.0,0.0
x5034y9550,0.0,0.113759764217752,0.053573953485192886,0.0,0.03835799991689953,0.11538002454847437,0.11090708688132038,0.11697809411022966,0.4510430768401313,0.0,0.0
x5534y9550,0.0,0.24463217671833515,0.15008413936348958,0.05008626261578453,0.0,0.03751500445206159,0.10727880390195756,0.0,0.4104036129483717,0.0,0.0
x6034y9550,0.0,0.08547540356647693,0.09244022755180556,0.0,0.4251759633987884,0.0,0.031762242150331875,0.04166779304837461,0.32347837028422277,0.0,0.0
x6534y9550,0.020290776623030794,0.00827793999852476,0.0,0.002740830654636414,0.053428357110473806,0.05805635460856072,0.0,0.0,0.8572057410047735,0.0,0.0
x7034y9550,0.0,0.008322207128983574,0.03557078414429266,0.05618289431427072,0.0,0.0829605464912791,0.0,0.0,0.8169635679211739,0.0,0.0
x7534y9550,0.0,0.019034066429117417,0.0,0.0,0.20524921940039986,0.0,0.09672299395889475,0.0,0.678993720211588,0.0,0.0
x8034y9550,0.0,0.0,0.08984158483462575,0.0050396177056635065,0.0,0.0,0.015808172735962238,0.0,0.7347892722263699,0.15452135249737856,0.0
x8534y9550,0.021185062407626205,0.0,0.031500721826288644,0.07769895620130468,0.030593310632623084,0.0,0.18568388541160283,0.0,0.6533380635205546,0.0,0.0
x9034y9550,0.06924113156272343,0.118021891960214,0.04461870629201164,0.03565378522330396,0.0,0.02552270527186547,0.06605803546396173,0.21971866839870832,0.34536209255429984,0.0,0.07580298327291163
x9534y9550,0.14367566612507485,0.09385594818497928,0.03665078626744612,0.0,0.029942377486187933,0.0842611465066297,0.05829840595168998,0.1811085568706884,0.3722071126073038,0.0,0.0
x10034y9550,0.0,0.09282562524030953,0.0,0.07292701627748782,0.0,0.04886410264018855,0.1823908972077736,0.4787649246565883,0.0,0.12422743397765214,0.0
x10534y9550,0.0,0.02545834984386697,0.24850971476668202,0.0689466409263022,0.0,0.0030065462015066323,0.0,0.0,0.4524284265883995,0.0,0.20165032167324254
x34y10050,0.207488966714546,0.0697972495918868,0.0,0.0,0.015021802798705656,0.0,0.16365407643376365,0.0,0.502171423815269,0.04186648064582902,0.0
x534y10050,0.008453350319257908,0.09171843961954562,0.0,0.0,0.10399180873445324,0.0,0.23644616919148734,0.0,0.5593902321352558,0.0,0.0
x1034y10050,0.07850167116566158,0.05100254070674586,0.0,0.1117768395185233,0.0,0.0,0.13122288391095793,0.0,0.5657419583345962,0.0,0.06175410636351503
x1534y10050,0.0,0.07796055038320433,0.0814788893241776,0.02585465192958645,0.014462939687823707,0.0,0.036091737240648146,0.0,0.6870641426751293,0.07708708875943045,0.0
x2034y10050,0.06528039583181841,0.11121522887224414,0.0,0.01943979810636557,0.09507729932221744,0.0,0.16369508769160512,0.05705637363768147,0.4882358165380678,0.0,0.0
x2534y10050,0.0,0.06900771443686385,0.0,0.0,0.0,0.027366624097052508,0.17562444395550195,0.16614344630708025,0.35835263571143755,0.20350513549206398,0.0
x3034y10050,0.05474488527014033,0.1330257915501759,0.0,0.003863684637828027,0.10882938107228389,0.3573062571071324,0.07601280602815,0.0,0.2662171943342895,0.0,0.0
x3534y10050,0.8015262318167338,0.0,0.014200969920496843,0.0,0.0,0.16110399310452414,0.0,0.0,0.023168805158245258,0.0,0.0
x4534y10050,0.0,0.10215891304520407,0.0,0.003707635538473036,0.0,0.14394438859409875,0.05054150712458453,0.0,0.6996475556976397,0.0,0.0
x5034y10050,0.0,0.18817282987553302,0.0,0.0,0.0,0.0,0.026001975599154188,0.19757825331382184,0.5882469412114909,0.0,0.0
x5534y10050,0.0,0.32795275737801677,0.04058642488224205,0.0,0.0,0.0,0.2559324348183594,0.15491330026383707,0.18225202416613204,0.038363058491412735,0.0
x6034y10050,0.0,0.0,0.1614994626959956,0.04482870553721436,0.03497912664065377,0.0,0.09794417404290194,0.0,0.6607485310832343,0.0,0.0
x6534y10050,0.0,0.0,0.0,0.0,0.18362266120147416,0.04979620915306286,0.08163114028592525,0.10142996788428228,0.5835200214752555,0.0,0.0
x7034y10050,0.0,0.2123758192397673,0.0,0.0,0.0,0.2286209207605329,0.11295409613579228,0.13108856737978616,0.31496059648412134,0.0,0.0
x7534y10050,0.0,0.02741220364183658,0.051181128734902194,0.0,0.0,0.07297372804177228,0.02324731728645658,0.26560502583631107,0.46453407013499987,0.0,0.09504652632372142
x8034y10050,0.0,0.08638844450307961,0.05316040615829757,0.0,0.02891190128744248,0.0,0.0,0.5656549513802737,0.2658842966709068,0.0,0.0
x8534y10050,0.1437232269846332,0.16409934506166124,0.0,0.0,0.0,0.24395693992768802,0.096202663121582,0.0,0.3211191760375904,0.0,0.030898648866845124
x9034y10050,0.0,0.03862020524492766,0.053692275910432144,0.008479250255778389,0.0,0.010929148738908849,0.09427099183845342,0.5126068328177685,0.2814012951937309,0.0,0.0
x9534y10050,0.0,0.09377203484873996,0.0,0.014604286283336643,0.0,0.17317273560856122,0.16062566652240856,0.3534649407401555,0.20436033599679804,0.0,0.0
x10034y10050,0.0,0.09202360776242229,0.0,0.007411256916732021,0.16748192251134772,0.13694585758860914,0.06903164738862448,0.3039776210121221,0.22312808682014224,0.0,0.0
x10534y10050,0.0,0.0028842833983092338,0.018727596517835458,0.0,0.025037106952927372,0.0,0.003213270035588827,0.6261939378873629,0.32394380520797617,0.0,0.0
x34y10550,0.0,0.06796509052517213,0.09234489146328917,0.12292737312503371,0.01353040778792954,0.0,0.17778487676492008,0.0,0.49485487155694774,0.0,0.030592488776707834
x534y10550,0.11651160873578048,0.1345889317201731,0.0,0.0,0.0,0.0,0.012095289718126612,0.0,0.7368041698259198,0.0,0.0
x1034y10550,0.07144517458458138,0.06354635253976103,0.0,0.054429604871925136,0.0,0.0,0.010254456944336774,0.0,0.7189895310853018,0.0813348799740939,0.0
x1534y10550,0.0168243748667916,0.0,0.0,0.011740369507935564,0.0,0.0,0.08001114422622171,0.0,0.8914241113990511,0.0,0.0
x2034y10550,0.027522466059249323,0.12642605340474516,0.10750740643573317,0.04860623310321057,0.0,0.0,0.0,0.02397906891044884,0.6659587720866129,0.0,0.0
x2534y10550,0.0,0.09511404033695867,0.0,0.002615369509223191,0.0,0.0,0.1237338205663447,0.0,0.7785367695874733,0.0,0.0
x3034y10550,0.0,0.06442605729137138,0.0,0.0,0.019731943327858728,0.0,0.166006111382522,0.0,0.6069966771687082,0.14283921082953968,0.0
x3534y10550,0.39640811470413556,0.0,0.041857805016022355,0.004179728710318224,0.052534775418784777,0.0,0.0,0.11331463877155315,0.29700731752640336,0.09469761985278258,0.0
x4534y10550,0.0,0.0018104845770171036,0.0,0.007068841759224443,0.027694520217030328,0.014588529936862011,0.08694371033126426,0.776709182134334,0.0,0.085184731044268,0.0
x5034y10550,0.07652616580383494,0.39840685682742616,0.0,0.0,0.05390256641846144,0.0,0.0,0.26364001932345776,0.20752439162681963,0.0,0.0
x5534y10550,0.3557504618623347,0.13946318170052766,0.0,0.04233428091303195,0.1812587789968847,0.0,0.0,0.17430308850348167,0.1068902080237393,0.0,0.0
x6034y10550,0.1015287599595107,0.2987736825587884,0.0,0.0,0.0,0.26812416019171587,0.08841874722451079,0.15581601925069424,0.0,0.08733863081477992,0.0
x6534y10550,0.11703188708302965,0.16876969296653213,0.0892711465639238,0.017668646595919744,0.07381590305340745,0.0789698025192499,0.0,0.15567285553778276,0.2988000656801546,0.0,0.0
x7034y10550,0.0,0.03323919815761501,0.0,0.047157282482751764,0.04804476170876081,0.0,0.14373098475118856,0.3990485085349302,0.32877926436475363,0.0,0.0
x7534y10550,0.04515305825849009,0.0,0.4043130474557966,0.06875232088978202,0.09665330382019516,0.0,0.0,0.0,0.3851282695757361,0.0,0.0
x8034y10550,0.0,0.09640207061234767,0.0,0.0557245450095966,0.029916645006944232,0.07777421283650426,0.0,0.6066910324173851,0.13349149411722222,0.0,0.0
x8534y10550,0.021719819107258866,0.17774848648148434,0.0,0.0,0.17187902420725487,0.33527908872523804,0.07734172057121137,0.11329816242755274,0.10273369847999973,0.0,0.0
x9034y10550,0.0,0.13956464437040966,0.03412777738790927,0.0,0.09594927938728089,0.0,0.021054518778530564,0.0,0.28168857314652695,0.0,0.4276152069293428
x9534y10550,0.02299264609764163,0.33911011781219397,0.0,0.0,0.026036612433880224,0.11235893020926573,0.08051062920094083,0.4189910642460776,0.0,0.0,0.0
x10034y10550,0.011644301211910204,0.08544803131335824,0.0,0.010595900319030111,0.0,0.21937382129723895,0.0,0.6729379458584624,0.0,0.0,0.0
x10534y10550,0.1526871652514937,0.0,0.0,0.0,0.012253348642470381,0.0,0.0,0.748883039238539,0.0,0.08617644686749688,0.0
x34y11050,0.23522152184568407,0.12289960488815378,0.06812540601925991,0.0,0.0,0.0,0.0,0.1877226906377207,0.38603077660918156,0.0,0.0
x534y11050,0.0,0.06243594462757501,0.0,0.002538195590057162,0.0,0.0,0.14523246028870296,0.0,0.5884677889993499,0.0,0.2013256104943148
x1034y11050,0.007076004729199074,0.0,0.050165806920369954,0.0,0.0,0.0,0.10525822518785315,0.19861644127661074,0.6388835218859671,0.0,0.0
x1534y11050,0.05852786685215897,0.13211774446209504,0.0,0.07801798844220073,0.0,0.0,0.1434864399593914,0.0,0.5878499602841539,0.0,0.0
x2034y11050,0.0034770625004448795,0.09100824114537027,0.125098300757758,0.027692362098581256,0.03703301964185628,0.0,0.0,0.0,0.7156910138559893,0.0,0.0
x2534y11050,0.024884485301185245,0.1054242620152331,0.015271614794041355,0.002643069176914059,0.0,0.0,0.14898623335718308,0.0,0.7027903353554432,0.0,0.0
x3034y11050,0.2210228223307241,0.06919442286671686,0.0,0.0,0.0,0.0,0.06227958900430552,0.0,0.5507732781146193,0.0967298876836342,0.0
x3534y11050,0.09150226143065092,0.0,0.0,0.09203657820769338,0.0,0.0,0.2159910702914775,0.0,0.4404626425587089,0.16000744751146942,0.0
x4534y11050,0.0,0.15816028239764413,0.0,0.0,0.09178885182800818,0.27120397164008003,0.15839665987437154,0.23615506714600823,0.08429516711388782,0.0,0.0
x5034y11050,0.32376085273588734,0.2112395341669491,0.02991098671784939,0.0,0.0,0.0,0.1303988023122098,0.17253308026431613,0.11319891747594064,0.0,0.01895782632684773
x5534y11050,0.0,0.12074981427818775,0.0,0.006671408952399386,0.0,0.049168818814572204,0.09674897785605809,0.5730902336756527,0.15357074642312976,0.0,0.0
x6034y11050,0.0401930042096062,0.0,0.302390488846931,0.0,0.027781527852304425,0.037805880338766806,0.0,0.5918290987523915,0.0,0.0,0.0
x6534y11050,0.0,0.2253422850064986,0.0,0.0,0.05948067529716762,0.28894339455057844,0.0,0.2551613636814744,0.1710722814642809,0.0,0.0
x7034y11050,0.0,0.1704887977737966,0.0888807272986078,0.0,0.0,0.32510630172915295,0.04260015284769785,0.3729240203507446,0.0,0.0,0.0
x7534y11050,0.0,0.06068202276869534,0.0,0.0,0.0,0.18049129975463285,0.2655818764287985,0.4932448010478734,0.0,0.0,0.0
x8034y11050,0.0,0.055810297747788715,0.0,0.023722941051759896,0.04610586253835784,0.09265037642734728,0.0,0.5683800600492926,0.21333046218545368,0.0,0.0
x8534y11050,0.0,0.16239944371192333,0.0,0.011865527701024715,0.05635695915833645,0.0,0.08726822265649356,0.5292822662397559,0.15282758053246592,0.0,0.0
x9034y11050,0.1270550981121751,0.013218116573041195,0.0,0.0,0.35702941748622746,0.0958598326660062,0.11581911526440705,0.0,0.0,0.0,0.2910184198981429
x9534y11050,0.0256052850603628,0.2306191482391252,0.0,0.0,0.0,0.01666476258465393,0.0,0.22418983539860246,0.0,0.03859599539928795,0.46432497331796774
x10034y11050,0.31147503071851307,0.036902713279057524,0.0,0.0,0.2341035134571043,0.0,0.04535987020305427,0.37215887234227096,0.0,0.0,0.0
x10534y11050,0.044305047984584296,0.0,0.0,0.0,0.0,0.6156395394490088,0.15259084376034524,0.0,0.11662221778531724,0.0,0.07084235102074432
x34y11550,0.003691109275286929,0.08351953238647052,0.0,0.0,0.0,0.052826788000741406,0.11304844533417127,0.5125184437399015,0.23439568126342825,0.0,0.0
x534y11550,0.0,0.1826119212381187,0.0,0.0,0.2644490177970274,0.11215267813824066,0.038782173876645,0.2147617020410901,0.18724250690887823,0.0,0.0
x1034y11550,0.0,0.04639827352767348,0.0,0.09079628707870276,0.0,0.008390828677038139,0.1580499503202329,0.29625563391094467,0.4001090264854081,0.0,0.0
x1534y11550,0.21629374923270717,0.029264413524704595,0.0,0.0,0.0,0.0,0.18085615279052678,0.08213988083455458,0.36140534702397914,0.13004045659352767,0.0
x2034y11550,0.08340382023241985,0.018365375963971024,0.032748253412070494,0.009365102742826004,0.0,0.0,0.11990821876748424,0.1869081943318625,0.49729025443277675,0.0,0.052010780116589155
x2534y11550,0.08728392547472633,0.17278897498749604,0.0,0.0,0.0,0.0,0.0,0.13146519495671613,0.6084619045810614,0.0,0.0
x3034y11550,0.004555611539372061,0.0964164478617747,0.0,0.0,0.0,0.0,0.10489930528703875,0.0,0.7941286353118145,0.0,0.0
x3534y11550,0.0,0.017760612529969036,0.0,0.011548745429272984,0.0,0.0,0.0,0.0,0.867437330816597,0.10325331122416083,0.0
x4534y11550,0.0,0.02423615791381811,0.062229418067945845,0.0,0.0,0.12747715642229568,0.022961699630696376,0.5383569680200007,0.22473859994524334,0.0,0.0
x5034y11550,0.009625090076912904,0.20349193143512698,0.07275396728943527,0.0,0.06273087280256746,0.0,0.14840053680055587,0.319345669237163,0.1836519323582384,0.0,0.0
x5534y11550,0.0,0.12640873131155303,0.06565852432259711,0.0,0.0,0.10751931575772528,0.019506897737968442,0.5123960875547853,0.16851044331537088,0.0,0.0
x6034y11550,0.0,0.07044743517723379,0.0,0.034009096552123766,0.0,0.14471076727313778,0.07584459230675787,0.6749881086907467,0.0,0.0,0.0
x6534y11550,0.032390530367851035,0.0,0.0,0.16620760736365742,0.045674073023573236,0.03678170902859577,0.0,0.48663410184322525,0.23231197837309733,0.0,0.0
x7034y11550,0.0,0.17766523389634328,0.0752118713626034,0.0,0.3897831504681677,0.06261225969553359,0.0,0.29472748457735204,0.0,0.0,0.0
x8034y11550,0.0,0.0,0.029861927461410722,0.11090477165523369,0.007150198102883902,0.0,0.0,0.8520831027804716,0.0,0.0,0.0
x8534y11550,0.0131831339962034,0.03082573786958057,0.0,0.11900288217085198,0.11491769548740156,0.0,0.0664840488748621,0.38298210796335136,0.1855308147909914,0.08707357884675766,0.0
x9034y11550,0.2045825380916864,0.0,0.0,0.0,0.07692960929668141,0.24521268756332806,0.27080488045103535,0.2024702845972687,0.0,0.0,0.0
x9534y11550,0.39980331060631413,0.058506510598348375,0.01957760545996718,0.0,0.11522503609079579,0.0,0.21054295477767832,0.19634458246689615,0.0,0.0,0.0
x10034y11550,0.0,0.0854063391934926,0.0,0.006204908134367987,0.17844333199164056,0.10812299075412327,0.1478627996701057,0.47395963025626986,0.0,0.0,0.0
x10534y11550,0.0,0.22639541278842154,0.0,0.0,0.03290445612936956,0.0,0.1759698997210077,0.523580109640608,0.041150121720593104,0.0,0.0
x34y12050,0.0,0.16360167132282502,0.0,0.02023837920595643,0.16012311286017214,0.0,0.07460042815591339,0.2981378852375089,0.0,0.28329852321762405,0.0
x534y12050,0.0,0.06136969130441681,0.033520484300870235,0.01404315427236384,0.0,0.0619966938088354,0.1563259923280965,0.5504597664418827,0.0,0.12228421754353445,0.0
x1034y12050,0.004427357815144599,0.04566455419037907,0.02654569732062624,0.0,0.0,0.12861446592721656,0.37853457139720625,0.2700617067916357,0.14615164655779156,0.0,0.0
x1534y12050,0.0,0.15106822312049428,0.0,0.0,0.0,0.06403548658638852,0.15823279569713786,0.5273292061879712,0.0,0.09933428840800836,0.0
x2034y12050,0.0959501368886549,0.0,0.04548428459975912,0.0,0.0,0.0650878964647381,0.12445520333970173,0.2947793269003758,0.2806512870981555,0.09359186470861491,0.0
x2534y12050,0.0,0.06623216899878744,0.0,0.04816522165072327,0.06542411968888975,0.0,0.17392584592377308,0.20340418180344916,0.44284846193437727,0.0,0.0
x3034y12050,0.10593399915172319,0.048621685281420975,0.07127443360390173,0.0,0.0,0.0,0.16765816665620895,0.0,0.4609106890462568,0.14560102626048835,0.0
x3534y12050,0.1738798388414936,0.0,0.02150325185802716,0.0,0.06891992731232476,0.09202811425366846,0.06823883159413176,0.05507222824884251,0.3265223216498785,0.19383548624163333,0.0
x4534y12050,0.0,0.1008350658822694,0.05372797830604826,0.0,0.035092081299308936,0.14479299329183004,0.060205597242380504,0.6053462839781629,0.0,0.0,0.0
x5034y12050,0.0,0.41007048617525954,0.06901743651559232,0.0,0.0,0.0,0.1853692367132285,0.24499473577840605,0.043167966904155204,0.04738013791335846,0.0
x5534y12050,0.5390180016294092,0.0,0.0,0.0,0.032937960473095856,0.0,0.003862170475128707,0.4241818674223663,0.0,0.0,0.0
x6034y12050,0.00858007265783211,0.20167025832679478,0.08195938992213608,0.0,0.0,0.24318636314119507,0.05035603072235633,0.32192171564588973,0.09232616958379591,0.0,0.0
x6534y12050,0.0,0.0,0.03173498225068707,0.0,0.0,0.0705825625269205,0.013765419617191212,0.6969741169969061,0.1869429186082952,0.0,0.0
x7034y12050,0.07856824679921998,0.01084986014804661,0.02517619844098798,0.0,0.02681528405644828,0.054618249417677435,0.3290018335807622,0.4749703275568576,0.0,0.0,0.0
x8034y12050,0.0,0.011245101326195613,0.0,0.0,0.0,0.11314701703459043,0.3494066316917637,0.5262012499474502,0.0,0.0,0.0
x8534y12050,0.0,0.1785549531187184,0.07464578514420836,0.0,0.0,0.24199569961613904,0.08616173943870661,0.4186418226822277,0.0,0.0,0.0
x9034y12050,0.0,0.04557548663597117,0.0,0.0,0.0,0.23760481494693214,0.10243617198707165,0.4156549772011714,0.1987285492288538,0.0,0.0
x9534y12050,0.0,0.16793466817696903,0.0,0.013508817473739667,0.0,0.18607802903048512,0.07313823245793823,0.5593402528608679,0.0,0.0,0.0
x10034y12050,0.393753646636534,0.06667503863501839,0.0,0.0,0.10323420747418818,0.0,0.09288228572343678,0.0,0.12705569922074236,0.1376711735835149,0.07872794872656545
x10534y12050,0.0,0.11099013773076083,0.0,0.0,0.21452410119905,0.0,0.20464051285213425,0.469845248218055,0.0,0.0,0.0
x34y12550,0.0,0.11347840634966874,0.0,0.08454088836697539,0.0,0.0,0.12975764024294473,0.590623811195478,0.08159925384493315,0.0,0.0
x534y12550,0.17673427445039053,0.13969899595686958,0.056502250933373854,0.01616918723313764,0.04573630741601134,0.021776199292033487,0.0,0.4695790098627609,0.07380377485542264,0.0,0.0
x1034y12550,0.18366966921977773,0.0,0.13876366765942055,0.0,0.014126800221732969,0.0,0.45234770896218757,0.13423677244444046,0.07685538149244076,0.0,0.0
x1534y12550,0.17294000553558783,0.19244501185887175,0.0,0.14997147542046982,0.1501820524899177,0.0,0.1399551673857404,0.19450628730941258,0.0,0.0,0.0
x2034y12550,0.14198524620769543,0.0,0.15749608121205524,0.0,0.0,0.0,0.0771109687120359,0.42623805603875903,0.1090516988916229,0.08811794893783152,0.0
x2534y12550,0.22392358045216137,0.15064939149340265,0.0,0.0,0.0,0.2275570716907054,0.08414248155016373,0.18672151793371555,0.1270059568798515,0.0,0.0
x3034y12550,0.0,0.0469272792105692,0.061771593958879455,0.12890221780321173,0.0,0.08070717032113599,0.0,0.35596216189121216,0.2448645858812185,0.08086499093377315,0.0
x3534y12550,0.1241861701404989,0.0,0.0640339472768736,0.0064717592777644144,0.14087726700614633,0.01154227901545593,0.14395162519070168,0.09353514936964068,0.2790747839337284,0.05488336256210223,0.08144365622708777
x4534y12550,0.0,0.06642310297952611,0.08207141545577111,0.0,0.045693609161818055,0.24300385069599467,0.0,0.4269558155005718,0.0,0.13585220620631833,0.0
x5034y12550,0.0,0.35879256136132615,0.1514167971814772,0.0,0.20811898224705727,0.0,0.14863910311760647,0.13303255609253284,0.0,0.0,0.0
x5534y12550,0.0,0.09270514923995175,0.0,0.0,0.13023572437836742,0.17799497927441194,0.11264114498064356,0.34526153956778616,0.14116146255883916,0.0,0.0
x6034y12550,0.0,0.10368697633628185,0.0,0.0,0.0,0.40736789858952166,0.12011958769619081,0.3688255373780056,0.0,0.0,0.0
x6534y12550,0.0,0.18121190059645015,0.0,0.0082713311632376,0.03430408395063346,0.19165242276145644,0.16605525226922638,0.41850500925899603,0.0,0.0,0.0
x7034y12550,0.0,0.09917443521223437,0.0,0.009442642115986843,0.0,0.08210111093777436,0.01179215969447518,0.7974896520395293,0.0,0.0,0.0
x7534y12550,0.0,0.04555188888503772,0.0,0.0016963751916140492,0.11325948977093152,0.0,0.1580365214294775,0.6814557247229392,0.0,0.0,0.0
x8034y12550,0.12728358785457075,0.020099252304953748,0.0,0.0,0.1948980112871236,0.0,0.26569345702469394,0.3920256915286579,0.0,0.0,0.0
x8534y12550,0.0,0.0,0.0,0.14894500100530167,0.0,0.1395367087552182,0.041262212932339844,0.6702560773071403,0.0,0.0,0.0
x9034y12550,0.19342679114284916,0.1967853137719519,0.04712017692342267,0.07029415268151255,0.03482927533470231,0.0,0.04673265094888012,0.35476152127135513,0.056050117925326146,0.0,0.0
x10034y12550,0.0,0.1879921127265646,0.0,0.08835319750948659,0.09372932395683632,0.1264111845381631,0.12242225196476356,0.3810919293041858,0.0,0.0,0.0
x10534y12550,0.16442176053799867,0.11645603788025699,0.0,0.0,0.0,0.2329419377596639,0.0,0.48618026382208046,0.0,0.0,0.0
x34y13050,0.08977913394930373,0.0,0.1360658862524763,0.016842255188110694,0.10807770152500419,0.0,0.0,0.5132916273556991,0.0,0.13594339572940595,0.0
x534y13050,0.06112306027299539,0.07557982827914134,0.0,0.0,0.4093211067397413,0.15853078432712164,0.0,0.2954452203810003,0.0,0.0,0.0
x1034y13050,0.0,0.22324453461111662,0.0,0.0,0.0,0.0925554720597026,0.22165472414050522,0.46254526918867567,0.0,0.0,0.0
x1534y13050,0.12775938532761583,0.12751883086317442,0.0,0.002193201575004342,0.0,0.0,0.22800180758307131,0.3354209079006375,0.1791058667504966,0.0,0.0
x2034y13050,0.0,0.04058651249146628,0.0,0.0,0.028831725818169975,0.0,0.1661916385931632,0.6303100034710186,0.1340801196261819,0.0,0.0
x2534y13050,0.23400944299188706,0.0,0.0,0.0,0.012962397836507988,0.0,0.19605182910358476,0.3210592038587187,0.23591712620930153,0.0,0.0
x3034y13050,0.048915559084371625,0.011815503262994539,0.02908207862770701,0.006292079322781505,0.012392387627540828,0.0,0.34983771420727067,0.5138333030739853,0.0,0.027831374793348487,0.0
x3534y13050,0.0,0.02828179211225366,0.1333017304402989,0.0,0.038342243584729825,0.04181420938263749,0.2501957547226563,0.4578790860342646,0.0,0.0,0.05018518372315936
x4534y13050,0.0,0.13402306641424222,0.0,0.0,0.0,0.0,0.0,0.6370547219213522,0.0,0.0,0.22892221166440557
x5034y13050,0.2676538534206369,0.09319457200962396,0.1505624939205487,0.0,0.0,0.0,0.13222826217168698,0.35636081847750345,0.0,0.0,0.0
x5534y13050,0.05601710551652814,0.015027508489453698,0.2799991314678223,0.0,0.14587338594548377,0.0,0.1409970133394615,0.18644185123183113,0.17564400400941954,0.0,0.0
x6034y13050,0.047046097208546384,0.0,0.7192464078077295,0.0,0.013640933045779876,0.02070116074557418,0.0,0.19936540119237015,0.0,0.0,0.0
x6534y13050,0.1846969896082198,0.0,0.24316320793147714,0.0,0.08389489125750321,0.0,0.0,0.3332496416274108,0.09519481914933338,0.0,0.05980045042605571
x7034y13050,0.0,0.16873368541865405,0.03317284775120965,0.0,0.0,0.006587220809653901,0.25907154051879777,0.5324347055016846,0.0,0.0,0.0
x7534y13050,0.6874299207269168,1.4778685120879053e-10,0.0,0.0,0.08082852206164759,0.022212080548986247,0.0,0.18009144158077345,0.0,0.0,0.029438034933889176
x8034y13050,0.33386290479445985,0.2136154928743816,0.0,0.0,0.022369766715683012,0.007025168341955952,0.08231105698617172,0.21708740550618208,0.0,0.053425307089709786,0.07030289769145608
x8534y13050,0.334115002553792,0.008707108164974397,0.26923631640871154,0.0,0.0,0.0,0.17957120969576448,0.04055707263338431,0.0,0.11022109244822739,0.057592198095145895
x10034y13050,0.2355723785028973,0.04701363655294661,0.12237812466118868,0.0,0.09222909614296215,0.03000676507083899,0.050956625403322776,0.0,0.0,0.0,0.4218433736658434
x10534y13050,0.05669159212752748,0.41683225958143605,0.07087120474882098,0.10490219389970017,0.12202259567511642,0.2043892035330031,0.0,0.02429095043439578,0.0,0.0,0.0
x34y13550,0.023425169366150696,0.128373441276965,0.15637652481714012,0.0,0.0,0.6240472336043026,0.0,0.06777763093544151,0.0,0.0,0.0
x534y13550,0.0,0.13557049418560332,0.0,0.0,0.04943104120770732,0.1472139172760072,0.1857000466772067,0.4820845006534754,0.0,0.0,0.0
x1034y13550,0.09633142217281819,0.0,0.0,0.0,0.0,0.11349262281316777,0.0,0.4269972839569949,0.0974556875655702,0.08766751843050379,0.17805546506094524
x1534y13550,0.0,0.043496128973193084,0.0,0.020970360218533983,0.0,0.04135493407052469,0.12517205383192426,0.4979346269611841,0.27107189594463976,0.0,0.0
x2034y13550,0.03766989965083446,0.22694533262693625,0.0,0.0,0.027244724010741603,0.09627639212216065,0.17437258699302519,0.350632251971448,0.08685881262485398,0.0,0.0
x2534y13550,0.027534122950738836,0.0,0.0,0.0,0.0,0.011095846013674705,0.14380276528479327,0.639291948506028,0.0,0.17827531724476517,0.0
x3034y13550,0.0,0.012301648093554822,0.1246996525094346,0.0,0.0,0.013606789541673733,0.07727743925979512,0.5275913156493807,0.0,0.24452315494616117,0.0
x3534y13550,0.2099452260142268,0.053471402818359326,0.0,0.0,0.05664101274553132,0.0,0.20651850153875326,0.43380684565072236,0.019932061656512696,0.019684949575894457,0.0
x4534y13550,0.0,0.1336531716774711,0.0,0.0,0.0,0.5241230790184821,0.1266377510321113,0.0,0.02971690801982775,0.0,0.1858690902521076
x5034y13550,0.01938773981238369,0.0,0.48596346928481193,0.0,0.0,0.0,0.2731267708406288,0.1464214703341108,0.0,0.0,0.07510054972806476
x5534y13550,0.0,0.278022392268267,0.5753212231551638,0.0,0.0,0.0,0.081538628716899,0.0,0.0,0.0,0.06511775585967018
x6034y13550,0.8133192409601087,0.0,0.0,0.0,0.0,0.0,0.09089865935361113,0.03406865425030983,0.0,0.0,0.06171344543597031
x7034y13550,0.0,0.02204697767785328,0.5900615306570797,0.0,0.21139384380438578,0.0960795100160861,0.03327378741129325,0.0,0.0,0.04714435043330197,0.0
x7534y13550,0.09993177108709868,0.03381123644848192,0.5832164932196798,0.0,0.020530643380719287,0.0,0.05256451921622149,0.1347811083780705,0.03167736720942831,0.02053701186071746,0.022949849199582425
x8034y13550,0.19429294856292625,0.4901157878278431,0.0,0.0,0.07303316669090294,0.06712683422621481,0.0,0.042461382817853124,0.0,0.0,0.13296987987425982
x9034y13550,0.025963332314423927,0.25609405287782505,0.08237416222686574,0.0054591651032311434,0.0,0.3717135333612126,0.0,0.15011244469774954,0.0,0.0,0.10828330941869195
x10034y13550,0.23520778319955915,0.0,0.30421791826610384,0.0,0.0,0.1999445099108609,0.08302351119945381,0.0,0.0,0.1776062774240223,0.0
x10534y13550,0.2179464808181325,0.0010215215729688489,0.43886127092668953,0.0,0.14866558118341433,0.0,0.0,0.03525038334814265,0.0,0.15825476215065207,0.0
x34y14050,0.21898853995820583,0.0,0.060080002289604265,0.0,0.020330100550013237,0.07361801968812688,0.32158480994379574,0.1830447893721173,0.0,0.1223537381981367,0.0
x534y14050,0.055170566683156626,0.0,0.0,0.0,0.0,0.011255889644923451,0.035014687095302144,0.5162188864243766,0.13131992604617007,0.25102004410607104,0.0
x1034y14050,0.0,0.0,0.0,0.0,0.0,0.0,0.300771309406848,0.6992286905931522,0.0,0.0,0.0
x1534y14050,0.007904268770633112,0.15651395614056607,0.0,0.0,0.0,0.15790616639553443,0.11641123963527764,0.5612643690579886,0.0,0.0,0.0
x2034y14050,0.0,0.15892795590409275,0.0,0.0034570398649114127,0.2643758619975519,0.11442588222186516,0.22334265292204322,0.2210192836602082,0.0,0.014451323429327489,0.0
x2534y14050,0.13364000097511108,0.12806516807348886,0.0,0.07204778205273915,0.026739442559918426,0.03058780561702212,0.32371802541768596,0.2852017753040343,0.0,0.0,0.0
x3034y14050,0.38456525243086,0.4175422093426791,0.0,0.0,0.0,0.0,0.10917566627564282,0.0,0.058115197675609374,0.0,0.030601674275208695
x3534y14050,0.4088929052824434,0.04534367626482915,0.0,0.06941596732881283,0.08744814513747697,0.022235411697707964,0.0,0.23017928660994105,0.13648460767878878,0.0,0.0
x4534y14050,0.18392357321658145,0.0,0.6662434843252802,0.0,0.03369809907130534,0.0,0.11023646370465687,0.005898379682176172,0.0,0.0,0.0
x5034y14050,0.3011616019769359,0.2510150999211034,0.054080140739230884,0.0,0.0,0.0,0.0,0.21234259279857665,0.1814005645641532,0.0,0.0
x5534y14050,0.1274418755852087,0.3294302519561253,0.10893745568681394,0.0,0.0,0.35480274701780207,0.07938766975404991,0.0,0.0,0.0,0.0
x6034y14050,0.7876552264916635,0.07087373049499365,0.0,0.0,0.14147104301334282,0.0,0.0,0.0,0.0,0.0,0.0
x7034y14050,0.82580136336665,0.0,0.10590334531268927,0.025467694225008525,0.0,0.0,0.0,0.0,0.0,0.023322145990225442,0.019505451105426615
x7534y14050,0.03855347427068132,0.0,0.01734838034018389,0.5108147760083014,0.09819458440879239,0.0,0.19928074306020724,0.028970057177018338,0.0,0.10683798473481537,0.0
x9534y14050,0.8012056025195667,0.03147385759408581,0.0,0.0,0.03737321974152481,0.02642786301589772,0.1035194571289248,0.0,0.0,0.0,0.0
x10034y14050,0.39521729801955974,0.29140012774798935,0.06852727605847656,0.0,0.04138720493210006,0.05668471447351641,0.1467833787683579,0.0,0.0,0.0,0.0
x10534y14050,0.015864346061535247,0.31224225675839434,0.3696353041230395,0.029756632661262522,0.0,0.0,0.012175403195023256,0.0,0.0,0.1710980519225555,0.0892280052781898
x34y14550,0.6957760299395127,0.006726686665372239,0.07381136956756632,0.19114632490439928,0.0,0.0,0.0,0.032539588923149336,0.0,0.0,0.0
x1034y14550,0.0,0.0,0.19700080614694787,0.007227429352212966,0.042448051416340525,0.036190298274090184,0.12782290397071874,0.443961445413651,0.14534906542603854,0.0,0.0
x1534y14550,0.016397003590102,0.0,0.0,0.0,0.03881131898010725,0.0,0.34061655596260443,0.43711425503672,0.0,0.0,0.1670608664304663
x2034y14550,0.0,0.0,0.2180881148134799,0.0,0.0,0.2192248544023533,0.033668138128056246,0.5290188926561106,0.0,0.0,0.0
x2534y14550,0.0,0.08213572625643588,0.0,0.0,0.03968766727574351,0.0,0.10262907189444663,0.6541251364057086,0.1214223981676652,0.0,0.0
x3034y14550,0.0,0.021325579632996104,0.0,0.003016476942477448,0.0,0.09091768812711404,0.18404729407168216,0.5758667111429583,0.0,0.12482625008277194,0.0
x3534y14550,0.06960318899371226,0.0,0.0351796527925943,0.0,0.0,0.15583486235540397,0.04194765668765386,0.458613088383576,0.0,0.23882155078705966,0.0
x34y15050,0.5190295792494922,0.1389985040802038,0.0,0.046989082435984306,0.0,0.0,0.29498283423431954,0.0,0.0,0.0,0.0
x534y15050,0.4384995593911317,0.0,0.1221588276318173,0.0,0.03788627621519235,0.0340525763343571,0.017392277159254375,0.17359217291204826,0.08319321227164697,0.0,0.09322509808455183
x1034y15050,0.29383300067972,0.30701933710038376,0.045190263402027746,0.0,0.07452796268071919,0.0,0.2794294361371493,0.0,0.0,0.0,0.0
x2034y15050,0.7419799168231161,0.0,0.0,0.0,0.06076805090070066,0.0,0.0,0.08756759691203934,0.1096844353641439,0.0,0.0
x2534y15050,0.3549414871062264,0.006514217296039249,0.0,0.0,0.0,0.01090476102198971,0.2326499565326658,0.15750419090724224,0.0,0.17075747029537813,0.06672791684045835
x3034y15050,0.0,0.1258776441838603,0.06885549033870454,0.009984830899627177,0.0,0.13018725825826907,0.06804249560563704,0.5970522807139019,0.0,0.0,0.0
x3534y15050,0.0,0.0,0.21823314834589688,0.0,0.22236699953996067,0.0,0.1746511149801564,0.24858222775839373,0.0,0.1361665093755925,0.0
x34y15550,0.19649575599697666,0.19248437137225544,0.13266355951390368,0.1022924019937198,0.0,0.006604015511456388,0.36945989561168807,0.0,0.0,0.0,0.0
x534y15550,0.39235228280115725,0.23810383691143472,0.1278566463192187,0.0,0.0,0.0,0.24168723396818942,0.0,0.0,0.0,0.0
x1034y15550,0.6519113292949666,0.21237550752748083,0.0,0.022537375050065287,0.0,0.0,0.11317578812748715,0.0,0.0,0.0,0.0
x1534y15550,0.24553560991936277,0.0,0.319273130802556,0.0,0.0,0.22608048288460086,0.0,0.0,0.07904724062426866,0.0,0.1300635357692116
x2534y15550,0.1255885829506493,0.4375584716768253,0.19840518703901733,0.012967197876738947,0.05309714315098962,0.0,0.0,0.08420199697161637,0.03110608582078683,0.057075334513376076,0.0
x3534y15550,0.0,0.0,0.21623561531768798,0.0,0.0,0.09832950586333068,0.04294190617918579,0.20522011855332112,0.2191055874777277,0.0,0.21816726660874652
x1034y16050,0.00544092923567042,0.6454786403468796,0.0,0.0287927180188131,0.0,0.0,0.32028771239863685,0.0,0.0,0.0,0.0
x1534y16050,0.06533793389405512,0.45752220270345617,0.11987067598471964,0.0,0.0,0.03484921536186159,0.3224199720559075,0.0,0.0,0.0,0.0
x2034y16050,0.48281629146804994,0.14501683969863424,0.0,0.0,0.0,0.0,0.3577576074119559,0.0,0.0,0.014409261421360032,0.0
x2534y16050,0.2916980690392638,0.0,0.38249847499176043,0.0,0.08719912008713376,0.03939432158658074,0.1113486945038531,0.03568360994661398,0.0,0.052177709844794154,0.0
x3034y16050,0.4918732937493483,0.25124952236808623,0.08453588073150056,0.0,0.0,0.0,0.16272382868166615,0.0,0.0,0.009617474469398677,0.0
x2034y16550,1.5195618589626594e-10,0.09457694432251651,0.11384301267035402,0.0,0.0,0.0,0.7915800428551734,0.0,0.0,0.0,0.0
x2534y16550,0.037389945916017624,0.04824285482556709,0.06421913108360593,0.03553947917505128,0.0,0.0,0.8012116344254339,0.0,0.0,0.013396954574324256,0.0
x3034y16550,0.8019345441317867,0.0,0.009635501990954145,0.0,0.0,0.02653318887250783,0.11415878805661024,0.04773797694814114,0.0,0.0,0.0
x3034y17050,0.6550327598299392,0.0637029263766312,0.0,0.12769070678712227,0.0,0.03267552949330641,0.09389500870395302,0.0,0.0,0.0,0.027003068809047837
