,Astro,Endo,Micro,Oligo,PVALB,SST,Smc,VIP,eL2/3,eL4,eL5,eL6
x34y50,0.19836157377529617,0.0,0.053957075407747086,0.0,0.0,0.0,0.08900065980781807,0.0,0.2459383163542902,0.0,0.26669571254129004,0.14604666211355838
x534y50,1.0,0.0,0.0,0.0,0.0,0.0,0.0,0.0,0.0,0.0,0.0,0.0
x1034y50,1.0,0.0,0.0,0.0,0.0,0.0,0.0,0.0,0.0,0.0,0.0,0.0
x1534y50,1.0,0.0,0.0,0.0,0.0,0.0,0.0,0.0,0.0,0.0,0.0,0.0
x2034y50,0.9470626713454134,0.0,0.0,0.0,0.0,0.0,0.0,0.0,0.0,0.0,0.0,0.05293732865458659
x3034y50,0.0,0.0,0.8595321343516441,0.0,0.0,0.0,0.020860916057124573,0.0643717114350019,0.0,0.05523523815622962,0.0,0.0
x34y550,0.0,0.17941423321536645,0.0,0.7298220225184675,0.0,0.0,0.04156775781854535,0.0,0.049195986447620556,0.0,0.0,0.0
x534y550,0.0,0.0,0.0,0.0,0.8424743731748708,0.15752562682512916,0.0,0.0,0.0,0.0,0.0,0.0
x1534y550,0.0,0.0,0.0,0.0,0.0,0.0,0.0,1.0,0.0,0.0,0.0,0.0
x2534y550,0.8330586255638533,0.0,0.0,0.0,0.0,0.0,0.0,0.0,0.0,0.0,0.16694137443614662,0.0
x4534y550,1.0,0.0,0.0,0.0,0.0,0.0,0.0,0.0,0.0,0.0,0.0,0.0
x5534y550,0.5858434727829525,0.0,0.0,0.0,0.05406053099793543,0.0,0.0,0.3600959962191122,0.0,0.0,0.0,0.0
x6034y550,0.0,0.115322899995566,0.884677100004434,0.0,0.0,0.0,0.0,0.0,0.0,0.0,0.0,0.0
x7034y550,0.0,0.0,0.06780379837256541,0.559099029899552,0.0,0.0,0.026892511244413143,0.0,0.0,0.0,0.0,0.34620466048346965
x8034y550,0.0,1.0,0.0,0.0,0.0,0.0,0.0,0.0,0.0,0.0,0.0,0.0
x8534y550,0.10883646888091308,0.0,0.7554131767330989,0.0,0.135750354385988,0.0,0.0,0.0,0.0,0.0,0.0,0.0
x9034y550,0.0,0.0,0.2235573095223437,0.0,0.5303102461007899,0.0,0.03345007454302693,0.03341076362380209,0.0,0.0,0.17927160621003738,0.0
x9534y550,0.0,0.0,0.0,0.0,0.35675164060585374,0.0,0.0,0.0,0.0,0.0,0.6432483593941463,0.0
x10034y550,0.3192459035914175,0.0,0.40230488640142814,0.25783318559703666,0.0,0.0,0.02061602441011758,0.0,0.0,0.0,0.0,0.0
x34y1050,0.0,0.0,0.0,0.0,0.39949733661708103,0.600502663382919,0.0,0.0,0.0,0.0,0.0,0.0
x1034y1050,1.0,0.0,0.0,0.0,0.0,0.0,0.0,0.0,0.0,0.0,0.0,0.0
x1534y1050,0.0,0.0,0.0,0.0,0.0,0.0,0.025629716685319198,0.0,0.0,0.0,0.9743702833146809,0.0
x2034y1050,0.8186590304435386,0.0,0.0,0.0,0.0,0.0,0.0,0.0,0.0,0.0,0.18134096955646148,0.0
x3034y1050,0.0,0.3380483004777525,0.6227819220023106,0.0,0.0,0.0,0.03916977751993684,0.0,0.0,0.0,0.0,0.0
x3534y1050,0.5812634797494901,0.30491243376469357,0.0,0.0,0.0,0.0,0.0,0.013279683227095183,0.04970657931444779,0.0,0.0,0.05083782394427327
x4534y1050,0.0,0.32600864596612,0.1447763351768433,0.0,0.0,0.07741197958069537,0.04225629847460984,0.0,0.0,0.0,0.40954674080173153,0.0
x5034y1050,0.6613751461936742,0.0,0.0,0.0,0.0,0.33862485380632584,0.0,0.0,0.0,0.0,0.0,0.0
x5534y1050,0.4985463370586812,0.16385901004636,0.28107168010097,0.0,0.056522972793988685,0.0,0.0,0.0,0.0,0.0,0.0,0.0
x7034y1050,0.0,0.0,0.38761264821861446,0.0,0.052178063067449765,0.0,0.047846016083955216,0.0,0.0,0.0,0.5123632726299805,0.0
x7534y1050,0.09883582053461211,0.0,0.0,0.22248661066881573,0.18282200066850307,0.0,0.03538048763936741,0.0,0.0,0.0,0.4604750804887016,0.0
x8034y1050,0.35735563416707844,0.0,0.12173718368939994,0.10518765032222772,0.052082014429972484,0.0,0.0,0.012926651872731626,0.0,0.0,0.3507108655185898,0.0
x8534y1050,0.0,0.0,0.0,0.870079169961367,0.0,0.0,0.12992083003863295,0.0,0.0,0.0,0.0,0.0
x9034y1050,0.7336412175090588,0.0,0.0,0.0,0.0,0.23146325746904853,0.03489552502189266,0.0,0.0,0.0,0.0,0.0
x9534y1050,0.08039235434375662,0.0,0.0,0.0,0.0,0.8753183039468339,0.044289341709409444,0.0,0.0,0.0,0.0,0.0
x10034y1050,0.37150793007437716,0.0,0.4745526941823796,0.1379396461247016,0.0,0.015999729618541677,0.0,0.0,0.0,0.0,0.0,0.0
x10534y1050,0.28490843850169234,0.0,0.0,0.6788750006260614,0.0,0.03621656087224626,0.0,0.0,0.0,0.0,0.0,0.0
x34y1550,0.13789541030709257,0.0,0.0,0.7124548331264973,0.04873126713388236,0.0308759476298748,0.07004254180265299,0.0,0.0,0.0,0.0,0.0
x534y1550,0.0,0.0,0.08426131459944661,0.7788877793918318,0.0,0.04954034661563622,0.0309821414061828,0.05632841798690263,0.0,0.0,0.0,0.0
x1034y1550,0.5010792310461966,0.0,0.0,0.39910235878629385,0.0,0.0998184101675095,0.0,0.0,0.0,0.0,0.0,0.0
x2034y1550,0.0,0.666379446528175,0.21490360964176428,0.11871694383006078,0.0,0.0,0.0,0.0,0.0,0.0,0.0,0.0
x4534y1550,0.3570580674734813,0.0,0.12653772226345678,0.36940544593144875,0.0,0.1469987643316132,0.0,0.0,0.0,0.0,0.0,0.0
x5034y1550,0.4928195435312393,0.0,0.31373700685945893,0.05073394539201822,0.0,0.08318216337099996,0.03373144819215266,0.025795892654131087,0.0,0.0,0.0,0.0
x5534y1550,0.1688460328076911,0.0,0.0,0.44524254529630813,0.0,0.2749506502399515,0.033449001664865564,0.0,0.0,0.0,0.07751176999118375,0.0
x6034y1550,0.0,0.0,0.0,0.7611065052745335,0.0,0.0,0.035154210659038745,0.0,0.0,0.0,0.20373928406642777,0.0
x6534y1550,0.2634602754515207,0.0,0.0,0.646675695039575,0.0,0.0,0.06929629813145541,0.02056773137744888,0.0,0.0,0.0,0.0
x7034y1550,0.0,0.0,0.0,0.8112979614912104,0.0,0.1307863046479446,0.05791573386084507,0.0,0.0,0.0,0.0,0.0
x7534y1550,0.5477437078462659,0.0,0.0,0.370817357558914,0.0,0.04210581186166769,0.03933312273315233,0.0,0.0,0.0,0.0,0.0
x8034y1550,0.776071053001398,0.15146595874172594,0.0,0.07246298825687612,0.0,0.0,0.0,0.0,0.0,0.0,0.0,0.0
x8534y1550,0.0,0.0,0.0,1.0,0.0,0.0,0.0,0.0,0.0,0.0,0.0,0.0
x9034y1550,0.24599338275228244,0.0,0.0,0.6575644225164556,0.017835028482997,0.0,0.07860716624826497,0.0,0.0,0.0,0.0,0.0
x9534y1550,0.30994339538440885,0.0,0.0,0.65927789340555,0.0,0.0,0.03077871121004103,0.0,0.0,0.0,0.0,0.0
x10034y1550,0.0,0.06018737065448562,0.0,0.9116864467295579,0.028126182615956556,0.0,0.0,0.0,0.0,0.0,0.0,0.0
x10534y1550,0.0,0.0,0.0,0.9523751351813676,0.0,0.0,0.04762486481863244,0.0,0.0,0.0,0.0,0.0
x34y2050,0.0,0.04989740755849568,0.0,0.9000453521743044,0.0,0.0,0.050057240267200015,0.0,0.0,0.0,0.0,0.0
x534y2050,0.0,0.11022218116967442,0.0,0.8897778188303256,0.0,0.0,0.0,0.0,0.0,0.0,0.0,0.0
x1034y2050,0.3331206633617329,0.0,0.0,0.3968428618746025,0.04152556183154252,0.204078377660096,0.024432535272025872,0.0,0.0,0.0,0.0,0.0
x1534y2050,0.0,0.0,0.0,0.3819069662899758,0.0,0.38246582811059265,0.0,0.23562720559943157,0.0,0.0,0.0,0.0
x5034y2050,0.29727329501478056,0.0,0.09688920476621989,0.567114889339963,0.0,0.0,0.038722610879036556,0.0,0.0,0.0,0.0,0.0
x5534y2050,0.0,0.0,0.0,1.0,0.0,0.0,0.0,0.0,0.0,0.0,0.0,0.0
x6034y2050,0.29439867671879155,0.0,0.0,0.6795635007153659,0.0,0.0,0.02603782256584261,0.0,0.0,0.0,0.0,0.0
x6534y2050,0.6975034023430485,0.0,0.0,0.30249659765695147,0.0,0.0,0.0,0.0,0.0,0.0,0.0,0.0
x7034y2050,0.0,0.0,0.0,1.0,0.0,0.0,0.0,0.0,0.0,0.0,0.0,0.0
x7534y2050,0.17310015001340723,0.0,0.03720589692911333,0.7548729792757237,0.0,0.0,0.034820973781755644,0.0,0.0,0.0,0.0,0.0
x8034y2050,0.10911045815484775,0.08269001203001435,0.0,0.709001404704628,0.0,0.0,0.09919812511050981,0.0,0.0,0.0,0.0,0.0
x8534y2050,0.588316702384286,0.0,0.0,0.411683297615714,0.0,0.0,0.0,0.0,0.0,0.0,0.0,0.0
x9034y2050,0.0,0.0,0.0,0.9831344820271014,0.0,0.0,0.0,0.016865517972898664,0.0,0.0,0.0,0.0
x9534y2050,0.0,0.0,0.0,1.0,0.0,0.0,0.0,0.0,0.0,0.0,0.0,0.0
x10034y2050,0.0,0.0,0.0,1.0,0.0,0.0,0.0,0.0,0.0,0.0,0.0,0.0
x10534y2050,0.0,0.0,0.0,0.9847135333830113,0.01528646661698869,0.0,0.0,0.0,0.0,0.0,0.0,0.0
x34y2550,0.0,0.0,0.0,1.0,0.0,0.0,0.0,0.0,0.0,0.0,0.0,0.0
x534y2550,0.0,0.0,0.13200640222256557,0.8336798925830348,0.034313705194399705,0.0,0.0,0.0,0.0,0.0,0.0,0.0
x1034y2550,0.0,0.0,0.0,1.0,0.0,0.0,0.0,0.0,0.0,0.0,0.0,0.0
x1534y2550,0.18750966038369382,0.0,0.0,0.7445263970356557,0.0,0.0,0.06796394258065058,0.0,0.0,0.0,0.0,0.0
x2034y2550,0.0,0.0,0.0,0.8607694416341254,0.10901869653282711,0.030211861833047488,0.0,0.0,0.0,0.0,0.0,0.0
x2534y2550,0.4080037804928631,0.3637959613526147,0.0,0.157872564295327,0.04140984126577359,0.028917852593421677,0.0,0.0,0.0,0.0,0.0,0.0
x3034y2550,0.12593032665563145,0.0,0.3687432975246778,0.0,0.0,0.0,0.0,0.0,0.0,0.0,0.5053263758196906,0.0
x4534y2550,0.0,0.0,0.0,0.9695796967122251,0.0,0.0,0.03042030328777479,0.0,0.0,0.0,0.0,0.0
x5034y2550,0.24925904815445535,0.0,0.12068755581755614,0.6300533960279885,0.0,0.0,0.0,0.0,0.0,0.0,0.0,0.0
x5534y2550,0.0,0.0,0.0,0.9649874384142656,0.0,0.0,0.035012561585734396,0.0,0.0,0.0,0.0,0.0
x6034y2550,0.0,0.22368291884763694,0.0,0.7275232869127459,0.0,0.0,0.0487937942396171,0.0,0.0,0.0,0.0,0.0
x6534y2550,0.0,0.0,0.0,0.9598381451433369,0.0,0.0,0.04016185485666312,0.0,0.0,0.0,0.0,0.0
x7034y2550,0.0,0.0,0.0,1.0,0.0,0.0,0.0,0.0,0.0,0.0,0.0,0.0
x7534y2550,0.0,0.0,0.0,1.0,0.0,0.0,0.0,0.0,0.0,0.0,0.0,0.0
x8034y2550,0.0,0.0,0.0,1.0,0.0,0.0,0.0,0.0,0.0,0.0,0.0,0.0
x8534y2550,0.0,0.0,0.0,1.0,0.0,0.0,0.0,0.0,0.0,0.0,0.0,0.0
x9034y2550,0.0,0.0,0.0,0.9369824239848765,0.0,0.0,0.06301757601512344,0.0,0.0,0.0,0.0,0.0
x9534y2550,0.0,0.0,0.0,1.0,0.0,0.0,0.0,0.0,0.0,0.0,0.0,0.0
x10034y2550,0.0,0.0,0.0,1.0,0.0,0.0,0.0,0.0,0.0,0.0,0.0,0.0
x10534y2550,0.0,0.0392654277821479,0.0,0.7029007664286749,0.0,0.0,0.12355267071658256,0.0,0.13428113507259473,0.0,0.0,0.0
x34y3050,0.0,0.0,0.0,0.3817127168385103,0.0,0.0,0.0,0.008005827491203543,0.0,0.0,0.20752796078173166,0.4027534948885545
x534y3050,0.0,0.0,0.0,0.91470591849517,0.03281109060276405,0.0,0.0524829909020659,0.0,0.0,0.0,0.0,0.0
x1034y3050,0.0,0.0,0.0,1.0,0.0,0.0,0.0,0.0,0.0,0.0,0.0,0.0
x1534y3050,0.08138796955063167,0.0,0.0,0.8077370738949367,0.0,0.0,0.06393230962510775,0.0,0.04694264692932404,0.0,0.0,0.0
x2034y3050,0.0,0.0,0.0,1.0,0.0,0.0,0.0,0.0,0.0,0.0,0.0,0.0
x2534y3050,0.0,0.0,0.11915499986515767,0.8808450001348422,0.0,0.0,0.0,0.0,0.0,0.0,0.0,0.0
x3034y3050,0.0,0.0,0.0,0.9673439099655116,0.0,0.032656090034488425,0.0,0.0,0.0,0.0,0.0,0.0
x3534y3050,0.0,0.0,0.0,0.5133472210176037,0.0,0.4866527789823964,0.0,0.0,0.0,0.0,0.0,0.0
x4534y3050,0.09530313197918679,0.0,0.0,0.892019595542461,0.0,0.0,0.0,0.012677272478352207,0.0,0.0,0.0,0.0
x5034y3050,0.40869067775176204,0.0,0.0,0.591309322248238,0.0,0.0,0.0,0.0,0.0,0.0,0.0,0.0
x5534y3050,0.0,0.0,0.0,1.0,0.0,0.0,0.0,0.0,0.0,0.0,0.0,0.0
x6034y3050,0.5429333140851939,0.0,0.0,0.0,0.0,0.0,0.45706668591480604,0.0,0.0,0.0,0.0,0.0
x6534y3050,0.0,0.0,0.0,0.9879598422537307,0.0,0.0,0.0,0.01204015774626937,0.0,0.0,0.0,0.0
x7034y3050,0.0,0.0,0.0,1.0,0.0,0.0,0.0,0.0,0.0,0.0,0.0,0.0
x7534y3050,0.3163362223117799,0.0,0.0,0.6836637776882201,0.0,0.0,0.0,0.0,0.0,0.0,0.0,0.0
x8034y3050,0.0,0.0,0.211572640858711,0.5296105896868576,0.0,0.0,0.0339201346682537,0.0,0.0,0.0,0.22489663478617763,0.0
x8534y3050,0.0,0.0,0.0,0.454158888083814,0.0,0.0,0.0,0.0,0.0,0.0,0.0,0.5458411119161861
x9034y3050,0.0,0.0,0.0,0.24718251818136486,0.0,0.0,0.0,0.005500521530030466,0.0851061355001305,0.0,0.12973820901468974,0.5324726157737845
x9534y3050,0.08829090158713883,0.15413569425812887,0.12097078848299499,0.03677202366027417,0.0,0.0,0.019300375091571134,0.0,0.0,0.0,0.1325858441901913,0.44794437272970067
x10034y3050,0.22601723285035538,0.0,0.12983118453349524,0.0,0.0,0.0,0.013392633171875886,0.0,0.0,0.0,0.0,0.6307589494442736
x10534y3050,0.0,0.0,0.30765263637707746,0.04817461695378212,0.0,0.0,0.0,0.0,0.0,0.0,0.0,0.6441727466691405
x34y3550,0.0,0.0,0.0,0.0,0.0,0.010486782905366076,0.0,0.0,0.0,0.0,0.0,0.9895132170946339
x534y3550,0.5214012713848515,0.12299886156346795,0.0,0.3481652019865765,0.0,0.0,0.0,0.007434665065103944,0.0,0.0,0.0,0.0
x1034y3550,0.0,0.0,0.0,1.0,0.0,0.0,0.0,0.0,0.0,0.0,0.0,0.0
x1534y3550,0.21823776205850054,0.0,0.0,0.7817622379414995,0.0,0.0,0.0,0.0,0.0,0.0,0.0,0.0
x2034y3550,0.09645010327238039,0.0,0.0,0.8660133122444128,0.0,0.0,0.03753658448320695,0.0,0.0,0.0,0.0,0.0
x2534y3550,0.08566733361980618,0.0,0.0,0.8620806814939738,0.0,0.0,0.052251984886220036,0.0,0.0,0.0,0.0,0.0
x3034y3550,0.13612437936879862,0.15242963215647617,0.0,0.62013416389628,0.045764075432677825,0.0,0.04554774914576749,0.0,0.0,0.0,0.0,0.0
x3534y3550,0.6075855917584662,0.36983705293320374,0.0,0.0,0.0,0.02257735530832996,0.0,0.0,0.0,0.0,0.0,0.0
x4534y3550,0.0,0.0,0.0,0.09976393017633725,0.07129673625459375,0.0,0.03330891944136964,0.0,0.0,0.0,0.0,0.7956304141276993
x5034y3550,0.0,0.0,0.0,0.14809873700695572,0.0728637858249712,0.24042004813415102,0.023896118989835992,0.0,0.04473032801713538,0.0,0.0,0.4699909820269507
x5534y3550,0.2545976216795111,0.0,0.0,0.14935362130469654,0.0,0.010951782825245674,0.02313877479525522,0.007007358295032873,0.0,0.0,0.0,0.5549508411002586
x6034y3550,0.0,0.0,0.058197650856507924,0.13121950027383994,0.0,0.0,0.0,0.0,0.0,0.0,0.11199102392644453,0.6985918249432076
x6534y3550,0.22026220031950952,0.11062694078768745,0.09479556640939718,0.0,0.0,0.0,0.031711272147677994,0.0,0.0,0.0,0.0,0.5426040203357279
x7034y3550,0.0,0.0,0.04843016214552043,0.2168385701137302,0.053264885724277976,0.020423095043762485,0.0,0.0,0.0,0.0,0.0,0.6610432869727089
x7534y3550,0.0,0.058904002252717615,0.0,0.0,0.04927882243365589,0.0,0.06856464407138184,0.011264782219445851,0.0,0.0,0.0,0.8119877490227988
x8034y3550,0.2938146121857859,0.0,0.0,0.04475876944527405,0.0,0.0,0.0,0.0,0.0,0.0,0.0,0.6614266183689401
x8534y3550,0.0,0.0,0.0,0.04878192390626832,0.0,0.0,0.0,0.0,0.0,0.0,0.0,0.9512180760937317
x9034y3550,0.0,0.0,0.0,0.0,0.0,0.0,0.0,0.0,0.0,0.0,0.0,1.0
x9534y3550,0.07131236568181702,0.0,0.0,0.0,0.0,0.0,0.0,0.0,0.0,0.0,0.0,0.9286876343181829
x10034y3550,0.0,0.0,0.0,0.09093439956731823,0.1874573997454498,0.0,0.0202098353694543,0.012464496471211992,0.0,0.0,0.0,0.6889338688465656
x10534y3550,0.0,0.0,0.0,0.0,0.0,0.0,0.0,0.026508003182767567,0.0,0.0,0.0,0.9734919968172324
x34y4050,0.0,0.0,0.0,0.07001548683413207,0.0,0.0,0.02982936118162682,0.0067012855489347834,0.11714941714915901,0.0,0.0,0.7763044492861473
x534y4050,0.0733365724523443,0.0,0.0,0.0,0.0,0.03394120533514836,0.0,0.0,0.17287943773481562,0.0,0.0,0.7198427844776917
x1034y4050,0.06951863223393967,0.0,0.0,0.3806239608000475,0.0,0.008166574534465261,0.0,0.01601320569274781,0.0,0.0,0.0,0.5256776267387998
x1534y4050,0.2491526907076471,0.0,0.0,0.0614158521236356,0.0,0.0,0.0,0.011229741387021246,0.0,0.0,0.17873929272721348,0.4994624230544825
x2034y4050,0.0,0.0,0.0,1.0,0.0,0.0,0.0,0.0,0.0,0.0,0.0,0.0
x2534y4050,0.32310586049026396,0.0,0.0,0.6229650147256295,0.02740400921409125,0.0,0.026525115570015294,0.0,0.0,0.0,0.0,0.0
x3034y4050,0.1347712087786121,0.0,0.0,0.8235717047161951,0.0,0.0,0.04165708650519281,0.0,0.0,0.0,0.0,0.0
x3534y4050,0.0,0.0,0.0,1.0,0.0,0.0,0.0,0.0,0.0,0.0,0.0,0.0
x4534y4050,0.0,0.043703787146969646,0.08117957935568552,0.0,0.0,0.0,0.0,0.01070081380678263,0.0,0.0,0.24826408909662845,0.6161517305939338
x5034y4050,0.0,0.07196488758895787,0.12203442495205058,0.0,0.0,0.016950578283444654,0.0,0.0,0.0,0.0,0.0,0.789050109175547
x5534y4050,0.19200350222873125,0.0,0.04580803111255561,0.0,0.0,0.01051452068926736,0.0,0.0,0.0,0.0,0.0,0.7516739459694457
x6034y4050,0.0,0.0,0.0,0.09038435802007966,0.02551378478032932,0.0,0.03444997764206692,0.0,0.0,0.0,0.0,0.8496518795575241
x6534y4050,0.0,0.0,0.040420280968325464,0.0,0.034711337430996296,0.0,0.009912459983722713,0.0,0.07815299891275831,0.0,0.0,0.8368029227041972
x7034y4050,0.0,0.0,0.0,0.0,0.053406947955126585,0.15748532538518004,0.0,0.008715966728968925,0.0,0.0,0.21006441200675294,0.5703273479239716
x7534y4050,0.0,0.07132802295738472,0.0,0.0,0.03767020488757544,0.0,0.012535383767092132,0.013386025781310061,0.0,0.0,0.0,0.8650803626066376
x8034y4050,0.0,0.03503549947010328,0.0,0.0,0.0,0.00800431183264463,0.02140498646771645,0.010051808339646766,0.1388411848335661,0.0,0.0,0.7866622090563228
x8534y4050,0.0,0.0,0.0,0.298372649586691,0.0,0.0,0.0,0.0,0.0,0.0,0.0,0.7016273504133089
x9034y4050,0.18078509748790478,0.11617554460303832,0.0,0.0,0.0,0.0,0.0,0.0,0.0,0.0,0.0,0.7030393579090569
x9534y4050,0.029302653863353633,0.0,0.0,0.0,0.0,0.0,0.012777859245812258,0.007886004233962803,0.11087602428487482,0.0,0.0787168265202805,0.7604406318517161
x10034y4050,0.0,0.0,0.0,0.0,0.09603559997122868,0.0,0.0,0.0,0.0,0.0,0.18881583534147306,0.7151485646872983
x10534y4050,0.0,0.0,0.0,0.0,0.13877018510640937,0.0,0.012426573522581086,0.011403902244662777,0.13058654579126477,0.0,0.0,0.7068127933350821
x34y4550,0.0,0.11456100443693526,0.0,0.0,0.0,0.0,0.0,0.0,0.09386435060490758,0.0,0.0,0.7915746449581571
x534y4550,0.0,0.0,0.0,0.0,0.0,0.021288626116284223,0.0,0.0,0.0,0.0,0.0,0.9787113738837159
x1034y4550,0.0,0.0,0.0801699129709343,0.24107441451721076,0.14368698941760003,0.0,0.0,0.0,0.11919195148394683,0.0,0.0,0.415876731610308
x1534y4550,0.0,0.0,0.0,0.0,0.0,0.0,0.0,0.0,0.0,0.0,0.0,1.0
x2034y4550,0.14185080335069802,0.0,0.0,0.043528004833686414,0.0,0.0,0.0,0.0,0.0,0.0,0.140773402001559,0.6738477898140565
x2534y4550,0.0,0.0,0.0,0.2835312956232288,0.0,0.0,0.0,0.007163853970014058,0.0,0.0,0.1889979217854546,0.5203069286213027
x3034y4550,0.4800274519833592,0.12575298001596064,0.0,0.3942195680006801,0.0,0.0,0.0,0.0,0.0,0.0,0.0,0.0
x4534y4550,0.0,0.0,0.0,0.0,0.0,0.01260637149614104,0.0,0.0,0.1106595830352875,0.0,0.0,0.8767340454685715
x5034y4550,0.0,0.0,0.0,0.0,0.03432792176439552,0.0,0.0,0.0,0.056268861070981994,0.0,0.14237420712619842,0.7670290100384242
x5534y4550,0.0,0.0,0.11527886674271524,0.0,0.0,0.0,0.0,0.18763253785233422,0.0,0.0,0.0,0.6970885954049505
x6034y4550,0.0,0.0,0.0,0.0,0.0,0.0,0.0,0.0,0.15272913848206793,0.0,0.0,0.8472708615179321
x7034y4550,0.24728498552612513,0.07358213689162378,0.16132463745995668,0.0,0.0,0.0,0.0,0.0,0.0,0.0,0.0,0.5178082401222944
x8034y4550,0.0,0.0,0.0,0.0,0.3307224730509534,0.005650756409385521,0.0,0.0,0.0,0.0,0.12006432619130618,0.5435624443483549
x8534y4550,0.46643710154693996,0.0,0.0,0.0,0.0,0.0,0.013475823973950599,0.0,0.0,0.0,0.0,0.5200870744791094
x9034y4550,0.0,0.0,0.0,0.0,0.034811312105852345,0.0,0.008029160089415597,0.0,0.0,0.0,0.0,0.957159527804732
x9534y4550,0.0,0.0,0.0,0.0,0.0,0.0,0.0,0.0,0.16974561381655764,0.0,0.0,0.8302543861834423
x10034y4550,0.0,0.0,0.0,0.0,0.0,0.0,0.01803881587007193,0.02877663091617793,0.0,0.0,0.0,0.9531845532137502
x10534y4550,0.09251442330538309,0.0,0.0,0.0,0.0,0.0,0.020547116001980684,0.0,0.0,0.07986821639980453,0.0,0.8070702442928316
x34y5050,0.0,0.0,0.0,0.049364538868511255,0.0,0.009453352728624737,0.009925243224750632,0.0,0.22707590882892112,0.0,0.0,0.7041809563491922
x534y5050,0.0,0.0,0.0,0.0,0.0,0.0,0.015375066343980691,0.0,0.26361947941359887,0.0,0.1391445316091391,0.5818609226332814
x1034y5050,0.0,0.1613007387353896,0.0,0.0,0.0,0.004049696832467096,0.0,0.0,0.08382612684377928,0.05720858414754352,0.0750130497969396,0.618601803643881
x1534y5050,0.0,0.0,0.0,0.0,0.0,0.013493802735805633,0.0,0.0,0.0,0.0,0.0,0.9865061972641944
x2034y5050,0.19313859258131677,0.0,0.0,0.0,0.1424721353087563,0.0,0.0,0.008537569835195933,0.0,0.0,0.0,0.6558517022747311
x2534y5050,0.10533702223568003,0.0,0.0,0.0,0.0,0.0,0.0,0.009327744347070059,0.0,0.0,0.0,0.8853352334172498
x3034y5050,0.0,0.0,0.0,0.17746247578709284,0.0,0.0,0.0281409903485073,0.009121074883597452,0.0,0.0,0.08080412904416658,0.7044713299366359
x3534y5050,0.0,0.0,0.0,0.0,0.0,0.0,0.0,0.0,0.0,0.0,0.0,1.0
x4534y5050,0.0,0.0,0.0,0.14700503424277067,0.04556100962392468,0.0,0.0,0.008595085581727198,0.0,0.0,0.0,0.7988388705515775
x5034y5050,0.0,0.0,0.0,0.0,0.0,0.0,0.01655191945798751,0.0,0.0,0.0,0.0,0.9834480805420124
x5534y5050,0.0,0.0,0.0,0.0,0.0,0.0,0.0,0.0,0.3040012590990227,0.0,0.0,0.6959987409009772
x6034y5050,0.054287729025174786,0.0,0.3247369663471993,0.0710006177369461,0.05996850513676822,0.0,0.027667457652790862,0.0,0.0,0.0,0.0,0.46233872410112076
x6534y5050,0.0,0.0,0.0,0.0,0.0,0.0,0.0,0.010820981513262893,0.0,0.0,0.0,0.9891790184867372
x7034y5050,0.0,0.0,0.07833696423897682,0.0,0.0,0.0,0.0,0.0173262288823636,0.0,0.0,0.0,0.9043368068786596
x7534y5050,0.35011261715723324,0.09453302439242867,0.0,0.0,0.03398766344414403,0.0,0.017300924651100787,0.0,0.055079055258721796,0.0,0.0,0.44898671509637145
x8034y5050,0.0,0.0,0.0,0.09557983549535427,0.3930187728144379,0.0,0.01969733011664728,0.0,0.06077665930036725,0.0,0.0,0.43092740227319326
x8534y5050,0.0,0.0,0.0,0.0,0.0,0.0,0.0,0.0,0.0,0.26294299587762027,0.0,0.7370570041223797
x9034y5050,0.0,0.0,0.0,0.0,0.0,0.00738965490704453,0.0,0.007808529182502912,0.1307239554937053,0.0,0.18575772133325877,0.6683201390834884
x9534y5050,0.0,0.0,0.0,0.08115805135118294,0.038757387720191945,0.0,0.047676649544836254,0.0,0.1942330511663464,0.0,0.0,0.6381748602174424
x10034y5050,0.05734553824726677,0.0,0.0,0.0,0.0,0.0,0.02035731976510966,0.0,0.12210581319670609,0.0,0.3270761135285724,0.473115215262345
x10534y5050,0.0,0.0,0.0,0.0,0.11014115337277035,0.0,0.0,0.0,0.0,0.0,0.8898588466272296,0.0
x34y5550,0.0,0.0,0.0,0.0,0.0,0.0,0.007861817018789458,0.0,0.31520432447252894,0.0,0.0,0.6769338585086816
x534y5550,0.20371105343980256,0.09976280080288664,0.0,0.0,0.0,0.0,0.0,0.0,0.0,0.13058913038611922,0.0,0.5659370153711916
x1034y5550,0.2625973968523286,0.3204834727030106,0.0,0.037363666862906965,0.0,0.0,0.0,0.0,0.0,0.0,0.08328043192941056,0.29627503165234337
x1534y5550,0.0,0.0,0.32089738466969703,0.0,0.0,0.0,0.0,0.0,0.0,0.0,0.0,0.6791026153303029
x2034y5550,0.22399597882227334,0.0,0.0,0.0,0.0,0.0,0.0,0.11148284647105783,0.13534822108292874,0.0,0.0,0.5291729536237401
x2534y5550,0.0,0.03785924464123384,0.0,0.05953493097890301,0.03360781278518662,0.0,0.046057447334146594,0.009420768559607292,0.10803397115458266,0.0,0.079514722344292,0.6259711022020479
x3034y5550,0.18198393129499602,0.14500648149899475,0.0,0.0,0.05352136690115187,0.0,0.0,0.0,0.0,0.0,0.06739996677430281,0.5520882535305546
x3534y5550,0.0,0.0,0.0,0.0,0.0,0.0,0.0,0.0,0.0,0.0,0.1507192326510754,0.8492807673489247
x4534y5550,0.0,0.0,0.0,0.35623098204048026,0.0,0.0,0.0,0.007574432969041207,0.10992398219461079,0.0,0.0,0.5262706027958677
x5034y5550,0.0,0.0,0.0,0.0,0.0,0.007140882216324199,0.0,0.0,0.31377589023241903,0.0,0.0,0.6790832275512567
x5534y5550,0.0,0.12027311029475234,0.0,0.0,0.0,0.0,0.021876633060842032,0.013913248003914266,0.16555683798232146,0.07795848154109047,0.0,0.6004216891170794
x6034y5550,0.4730279815787703,0.0,0.23142189813539438,0.0,0.0,0.0,0.0,0.0,0.0,0.0,0.0,0.2955501202858352
x6534y5550,0.0,0.0,0.0,0.0,0.35364639647888746,0.0,0.02066022760751743,0.0,0.0,0.0,0.0,0.6256933759135951
x7034y5550,0.14356943615912413,0.0,0.0,0.0,0.0,0.0,0.0,0.0,0.08543608335968275,0.0,0.32047160957912596,0.45052287090206716
x7534y5550,0.0,0.0,0.6142812859665686,0.0,0.040808459776375164,0.0,0.036405880237161244,0.01629228996639698,0.0,0.0,0.0,0.292212084053498
x8034y5550,0.6186936813659899,0.0,0.0,0.0,0.0924736437085942,0.0,0.0,0.0,0.0,0.13994932786393918,0.0,0.14888334706147677
x8534y5550,0.0,0.0,0.0,0.6167322751481724,0.0,0.0,0.0,0.0,0.14801711101846382,0.23525061383336374,0.0,0.0
x9034y5550,0.0,0.2170696395252553,0.26287539846497815,0.0,0.0,0.08591910660015836,0.0,0.0,0.0,0.0,0.0,0.43413585540960814
x9534y5550,0.0,0.0,0.0,0.11751750542387861,0.0,0.0,0.02659809921477972,0.0,0.11934262150936259,0.0,0.39130623572792994,0.34523553812404906
x10034y5550,0.0,0.0,0.0,0.0,0.11478987461393614,0.0,0.0,0.0,0.0,0.0,0.5222436857755108,0.362966439610553
x34y6050,0.0,0.0,0.0,0.11018678091141328,0.04490708243981548,0.0,0.07774187488940637,0.0,0.0,0.07796880162841052,0.11857991695024421,0.5706155431807102
x534y6050,0.0,0.0,0.0,0.0,0.0,0.4467215685727533,0.012254071259984498,0.0,0.1475591158833336,0.0,0.0,0.3934652442839287
x1034y6050,0.0,0.33975591815494227,0.0,0.0,0.0,0.0,0.03931994744803216,0.0,0.22664791861657438,0.0,0.0,0.39427621578045124
x1534y6050,0.0,0.04066514902466281,0.0,0.0,0.03613251346538913,0.0,0.0,0.01506782539050895,0.15986695866359074,0.0,0.1252212689686548,0.6230462844871937
x2034y6050,0.07070949480524252,0.0,0.0,0.08121372555953994,0.0,0.0,0.0,0.0,0.2354308574895433,0.0,0.0,0.6126459221456743
x2534y6050,0.12327347292352941,0.0,0.0,0.07368449306003509,0.025470264569299468,0.0,0.013413384321998073,0.0,0.09613038840527449,0.0,0.0,0.6680279967198636
x3034y6050,0.07658533466432603,0.0,0.09714660729373857,0.06053841088848774,0.0,0.0,0.0,0.0,0.0,0.0,0.0,0.7657296471534477
x3534y6050,0.0,0.11966127015144722,0.0,0.1256111230768772,0.0,0.0,0.0,0.0,0.0,0.0,0.10982195807658468,0.6449056486950908
x4534y6050,0.0,0.0,0.0,0.0,0.0,0.016971871268689164,0.026096865650266504,0.0,0.19591816218414387,0.13110089189889892,0.30952354996572906,0.3203886590322726
x5034y6050,0.07279938095603412,0.11343689769033755,0.0,0.008159080667047907,0.0,0.0,0.049106221592082874,0.0,0.15691187071257748,0.0,0.39802511455576595,0.20156143382615396
x5534y6050,0.1395107459939569,0.18051999864884768,0.0,0.160872761199808,0.0,0.0,0.0,0.0,0.0,0.0,0.20802616510721386,0.31107032905017357
x6034y6050,0.761660037313952,0.0,0.0,0.0,0.0,0.0,0.0,0.008211853964761982,0.0,0.0,0.0,0.23012810872128597
x6534y6050,0.0,0.0,0.0,0.0,0.0,0.0,0.0,0.0,0.0,0.0,0.6491219588060115,0.35087804119398835
x7034y6050,0.0,0.0,0.0,0.1913818034708747,0.0,0.0,0.06976105799312611,0.0051796865413573,0.0,0.0,0.48221991228217115,0.2514575397124708
x7534y6050,0.050860645517588815,0.0,0.0,0.0,0.5264056276128015,0.3026440279377506,0.0,0.0,0.0,0.0,0.12008969893185904,0.0
x8034y6050,0.41040877552555766,0.11194726842669499,0.0,0.0,0.0,0.0,0.0,0.0,0.0,0.0,0.29865038025716556,0.17899357579058167
x8534y6050,0.05789229555239307,0.0,0.0,0.06136141422561366,0.0,0.25706873485587806,0.04277256691571706,0.0,0.22220607252634808,0.0,0.20658893505014955,0.15210998087390037
x9034y6050,0.0,0.12216738294175869,0.0,0.3523558571384368,0.0,0.0,0.06845853486620146,0.0,0.0,0.0,0.4570182250536031,0.0
x9534y6050,0.0,0.0,0.13261010890539987,0.0,0.2587296857797471,0.07972864916889395,0.0,0.02481631106712222,0.0,0.0,0.31386118267857815,0.1902540624002588
x10034y6050,0.0,0.08579685408648065,0.0,0.12146083245845651,0.06313481778612215,0.0,0.0,0.0,0.0,0.0,0.7296074956689407,0.0
x10534y6050,0.4927724571755021,0.0,0.0,0.0,0.0,0.0,0.0,0.0,0.0,0.0,0.4145890079902938,0.09263853483420399
x534y6550,0.0,0.0,0.0,0.18256860938617664,0.7046664542328246,0.0,0.0,0.0,0.0,0.0,0.0,0.11276493638099881
x1034y6550,0.052557308770187494,0.0,0.0,0.0,0.20452982492672997,0.04384474361106523,0.0,0.0,0.22279857962833882,0.0,0.1309546412850356,0.3453149017786428
x1534y6550,0.0,0.0,0.0,0.0,0.0,0.0,0.01615302930937188,0.01168839578562099,0.3107713212701827,0.0,0.2691836315108171,0.3922036221240074
x2034y6550,0.03561070159364219,0.0,0.0,0.09198873415754383,0.2909423023989566,0.0,0.02546162380132379,0.0059699512192978015,0.07303565383523551,0.0,0.08780932210986363,0.38918171088413667
x2534y6550,0.11199560337471628,0.0,0.0,0.04268225130146004,0.0,0.01001104927394099,0.019263499946197353,0.0,0.16698712582306638,0.0,0.0,0.649060470280619
x3034y6550,0.0,0.0,0.0,0.0,0.0,0.0,0.0,0.0,0.13491300023218772,0.0,0.0,0.8650869997678122
x3534y6550,0.0,0.0,0.0,0.0,0.4629149537916886,0.0,0.0,0.0,0.0,0.0,0.0,0.5370850462083114
x4534y6550,0.0,0.16368924517291966,0.0,0.0,0.44659004037271016,0.0,0.0,0.0,0.0,0.0,0.23555438306011306,0.15416633139425728
x5034y6550,0.0,0.0,0.0,0.0,0.0,0.025315188132280054,0.0,0.0,0.14501412272908273,0.0,0.48597630539548353,0.3436943837431537
x5534y6550,0.0,0.0,0.1258987973757887,0.031410094223177136,0.0,0.0,0.0,0.0,0.0,0.0,0.4140990007443889,0.4285921076566453
x6034y6550,0.4256334350688601,0.0,0.0,0.29366390399015196,0.048010764526362,0.1424042913601963,0.050355834221720255,0.039931770832709344,0.0,0.0,0.0,0.0
x6534y6550,0.06956210336387665,0.0,0.31541397911104163,0.0,0.0,0.0,0.018901539508001792,0.0,0.10125798712605347,0.0,0.38458570822592847,0.11027868266509802
x7034y6550,0.0,0.18302132308843463,0.06552884255184505,0.23328797838700205,0.06700350122892514,0.0,0.02039625711982392,0.00972936572797778,0.0,0.0,0.4210327318959915,0.0
x7534y6550,0.17152467354463305,0.0,0.3197003820211074,0.0,0.0,0.0,0.0,0.0,0.0,0.0,0.5087749444342596,0.0
x8034y6550,0.31025525598116577,0.0,0.0,0.0,0.0,0.0,0.0,0.0,0.0,0.0,0.46746190360414314,0.22228284041469124
x8534y6550,0.0,0.0,0.0,0.0,0.5354968290800786,0.007280530712606244,0.0,0.0,0.07177829124152584,0.0,0.28040362502379745,0.10504072394199189
x9034y6550,0.0,0.0,0.051060927079209485,0.0160368415298008,0.0,0.0,0.01260546591232319,0.029914711541010833,0.28952039088976045,0.0,0.6008616630478952,0.0
x9534y6550,0.0,0.0,0.0,0.1082351415735125,0.0,0.0,0.018451074604445,0.0,0.10627248656747797,0.0,0.5438089060190605,0.22323239123550398
x10034y6550,0.0,0.0,0.0,0.0,0.0,0.0,0.024706784149632673,0.014690727471949406,0.0,0.0,0.8035775503420394,0.15702493803637865
x10534y6550,0.43686827067680095,0.0,0.07008586117237003,0.0,0.04115645971595015,0.0,0.0,0.0,0.0,0.0,0.451889408434879,0.0
x34y7050,0.06809013616284039,0.05905137926088985,0.0,0.014584956221981004,0.0,0.0,0.0,0.0,0.09573284693239684,0.0,0.7625406814218919,0.0
x534y7050,0.0,0.10329201594191346,0.0,0.09359053457229329,0.05691626376533414,0.03603418549609168,0.029425096166800658,0.0,0.10613424860777025,0.0,0.43626180943070525,0.1383458460190913
x1034y7050,0.30891528537665086,0.06979247702615725,0.0,0.0,0.27206319536877904,0.0,0.020213145069605715,0.012611254001533656,0.0,0.0,0.31640464315727346,0.0
x1534y7050,0.0,0.05855774604208268,0.0,0.0,0.0,0.0,0.0,0.0,0.09193219834147881,0.0,0.6639740130986872,0.1855360425177515
x2034y7050,0.06476889921432832,0.0,0.0,0.0,0.31821961410671074,0.005946686300738006,0.023105563981150004,0.0,0.12200862433267977,0.14007630704694057,0.0,0.3258743050174526
x2534y7050,0.0,0.0,0.0,0.10098136659645457,0.0,0.0,0.012893291285946669,0.0,0.183757924427921,0.14990160564285165,0.0,0.5524658120468261
x3034y7050,0.1569458477499464,0.0,0.0,0.0,0.0,0.0,0.0,0.0,0.09072867649884606,0.1297273829564019,0.14054147333860292,0.48205661945620276
x3534y7050,0.0,0.0,0.0,0.0,0.0,0.0,0.0,0.0,0.15887011233673037,0.0,0.0,0.8411298876632697
x4534y7050,0.24334041955264996,0.06968689380746519,0.0,0.24301804672774163,0.0,0.0,0.023960249044508195,0.0,0.1373404704072155,0.0,0.28265392046041954,0.0
x5034y7050,0.11858234564645463,0.059551302479939054,0.12758209556735067,0.5284141088172664,0.0,0.009595106053204055,0.056998038037893356,0.0,0.0,0.09927700339789183,0.0,0.0
x5534y7050,0.0,0.0,0.0,0.3090167825099248,0.0,0.0,0.0514056246364663,0.0,0.1415211932755372,0.0,0.4980563995780718,0.0
x6034y7050,0.05901654226658715,0.0,0.0,0.0,0.0,0.0,0.012017390368811625,0.2115887198632942,0.0,0.0,0.717377347501307,0.0
x6534y7050,0.0,0.0,0.0,0.0,0.04211240956449419,0.0,0.0,0.0,0.22781065697887792,0.0,0.5086846194840632,0.2213923139725647
x7034y7050,0.0,0.05217361092256939,0.0,0.4356090230578331,0.06412518100605692,0.0,0.054525359979722354,0.0,0.0,0.1263424204520601,0.16907463357996905,0.09814977100178902
x7534y7050,0.0,0.0,0.0,0.0,0.08291336342193993,0.0,0.0,0.013278846334934383,0.1729502070285461,0.0,0.7308575832145796,0.0
x8034y7050,0.07759038732165544,0.0,0.4194319380827437,0.0,0.0,0.0,0.037934247538161416,0.0,0.0,0.0,0.4650434270574394,0.0
x8534y7050,0.0,0.0,0.0,0.0,0.1456061598105621,0.0,0.0,0.0,0.0,0.0,0.8543938401894379,0.0
x9034y7050,0.08059163059508515,0.06847327461697661,0.0,0.0,0.2975681098427154,0.0,0.0,0.0,0.16906634074796564,0.0,0.384300644197257,0.0
x9534y7050,0.5170815376918839,0.0,0.4232916696015275,0.0,0.04352206513983681,0.0,0.0,0.016104727566751815,0.0,0.0,0.0,0.0
x10034y7050,0.0,0.0,0.0,0.18674792222192005,0.8132520777780798,0.0,0.0,0.0,0.0,0.0,0.0,0.0
x10534y7050,0.0,0.0,0.0,0.0,0.0,0.0,0.0,0.0,0.0,0.4347584121211995,0.24013159016658117,0.3251099977122193
x34y7550,0.15490862165999597,0.0,0.0,0.12886194336917034,0.07809248184340649,0.0,0.0,0.0,0.17865320715828867,0.0,0.45948374596913855,0.0
x534y7550,0.10826485885926582,0.0,0.0,0.035036680809716385,0.07521413006976499,0.0,0.035140994514268664,0.0,0.24482977895466398,0.0,0.40587317923146404,0.09564037756085608
x1034y7550,0.09788616440374709,0.0,0.0,0.2230207529689672,0.1929943817051296,0.0,0.018021224438407563,0.0,0.07084024364646485,0.0,0.3126730733414624,0.08456415949582125
x1534y7550,0.05803019453551486,0.22113192724600605,0.0,0.0,0.10565153073697049,0.0,0.0,0.0,0.0,0.0,0.4713694909733684,0.14381685650814005
x2034y7550,0.0,0.0,0.0,0.0,0.08687785220155081,0.0,0.0,0.016548846627940907,0.13897024216870577,0.0,0.49598085092240635,0.26162220807939607
x2534y7550,0.09679806404341429,0.0,0.0,0.0,0.2914070208550196,0.0,0.0,0.0,0.13179475563023968,0.0,0.48000015947132646,0.0
x3034y7550,0.0,0.10967579004438618,0.0,0.07451531721240658,0.0,0.010454352143251437,0.04867722118555056,0.0,0.0,0.0,0.49588685064923793,0.26079046876516726
x3534y7550,0.4175576269185401,0.0,0.0,0.0,0.054448779498712116,0.21245589307897342,0.013368151182265989,0.0,0.0,0.0,0.0,0.3021695493215083
x4534y7550,0.34137146048770867,0.0,0.0,0.0,0.0,0.07214645892955421,0.014875686724832362,0.0,0.0,0.0,0.5716063938579048,0.0
x5034y7550,0.0,0.0,0.0,0.0,0.0,0.0,0.016236674605242193,0.0,0.0,0.15471451030207242,0.8290488150926854,0.0
x5534y7550,0.0,0.0,0.0,0.23667356422456723,0.0,0.0,0.055684396041547346,0.016167616180512906,0.2523241333274169,0.0,0.43915029022595575,0.0
x6034y7550,0.06985208059677862,0.29526805293499186,0.10221555653464995,0.0,0.0,0.0,0.047342768478411144,0.0,0.0,0.0,0.4853215414551683,0.0
x6534y7550,0.0,0.0,0.0,0.0,0.0,0.0,0.0,0.0,0.22064165514496223,0.0,0.7793583448550377,0.0
x7034y7550,0.20418424152789677,0.0,0.0,0.0,0.07974319625062942,0.0,0.0,0.0,0.2163651981197639,0.0,0.49970736410170996,0.0
x7534y7550,0.377536757668971,0.0,0.0,0.2696852255046239,0.10431417372592128,0.0,1.3486935641851283e-09,0.0,0.0,0.0,0.0,0.24846384175179026
x8034y7550,0.2064270917647208,0.0,0.08546618573369916,0.08746909131018134,0.17991920533109998,0.0,0.044539309637661686,0.0,0.0,0.25511091075700515,0.14106820546563195,0.0
x8534y7550,0.0,0.0,0.07156298563173683,0.12152936842563833,0.11950488169419742,0.0,0.030868358929358478,0.0,0.08849428424319272,0.3244937126260945,0.2435464084497818,0.0
x9034y7550,0.14650475443651895,0.0,0.0,0.0,0.0,0.0,0.01902755263616338,0.010484218540044828,0.1421155568902972,0.576529909048955,0.0,0.10533800844802059
x9534y7550,0.0,0.0,0.0,0.0,0.0,0.012403471134602146,0.012751350580508563,0.0,0.13155921341484597,0.38229423708720944,0.3435808740344547,0.11741085374837923
x10034y7550,0.0,0.0,0.0,0.0,0.0,0.0,0.0,0.0,0.0,0.6818360035917292,0.31816399640827076,0.0
x10534y7550,0.0,0.0,0.0,0.0,0.0,0.0,0.0,0.0,0.0,0.6061808154905719,0.2618826800009856,0.13193650450844258
x34y8050,0.32153120949916714,0.06235295069476677,0.0,0.0,0.36559550380267797,0.0,0.0,0.0,0.06228299664901516,0.0,0.18823733935437298,0.0
x534y8050,0.11366434048534868,0.0,0.0,0.14308947958862642,0.05099549964392274,0.0,0.021088558428946514,0.27603647051029173,0.09706511751038457,0.0,0.2980605338324792,0.0
x1034y8050,0.13600769123608214,0.031120196107769494,0.0,0.0,0.11536991804486302,0.0,0.011538965083517514,0.08586569916013491,0.3048015781327905,0.0,0.3152959522348423,0.0
x1534y8050,0.28091274203074357,0.0,0.0,0.0,0.0,0.0,0.0,0.0,0.2322404380612782,0.0,0.3808940811857059,0.1059527387222724
x2034y8050,0.0,0.11950638363486844,0.0,0.0899026193056309,0.12589228154407722,0.0,0.026732792278166388,0.0,0.09631435196849514,0.0,0.541651571268762,0.0
x2534y8050,0.20206132787034606,0.0,0.0,0.0,0.11992951265632755,0.08204937448604137,0.0,0.0,0.16221810111034005,0.0,0.35726030837813755,0.07648137549880726
x3034y8050,0.1711696888816191,0.0,0.0,0.0,0.38275575002845225,0.04080867308786165,0.0075673125777943,0.0,0.0,0.0,0.29856544290716813,0.09913313251710458
x4534y8050,0.0,0.0,0.0,0.0,0.18682125669250885,0.0,0.0,0.0,0.2677104039699867,0.0,0.40470075803247335,0.14076758130503106
x5034y8050,0.0,0.20663131753981875,0.0,0.0,0.0,0.0,0.0,0.0,0.29226953411252166,0.0,0.5010991483476597,0.0
x5534y8050,0.0,0.7169677514615839,0.0,0.0,0.0,0.0,0.02194933226963144,0.017035575535954677,0.0,0.08810878299437445,0.15593855773845577,0.0
x6034y8050,0.10407525458182429,0.0,0.0,0.0,0.464925567673559,0.0,0.0,0.0,0.1487530550030726,0.0,0.28224612274154404,0.0
x6534y8050,0.0,0.0,0.0,0.0,0.0,0.0,0.0,0.022631193069282057,0.0,0.6475563073787268,0.32981249955199116,0.0
x7034y8050,0.0,0.11943616193816788,0.0,0.0,0.0,0.0,0.04195625628302314,0.01636621761617507,0.0,0.6228270427274607,0.1994143214351731,0.0
x7534y8050,0.16614454073235738,0.0,0.0,0.13009071039188336,0.06770321689341076,0.3319996815778342,0.024629299194709006,0.010189019436809695,0.0,0.2692435317729955,0.0,0.0
x8034y8050,0.0,0.0,0.0,0.0,0.03196834900161533,0.0,0.0,0.0,0.18082452309522412,0.6075572191449288,0.0,0.1796499087582318
x8534y8050,0.1898888907654744,0.0,0.0,0.0,0.2372101989464512,0.0,0.01760809146715021,0.0,0.1288079843728361,0.3262654031408228,0.10021943130726521,0.0
x9034y8050,0.21645195601792602,0.0,0.06526427584049496,0.07421391863939038,0.04052168254368709,0.0,0.0,0.0,0.0,0.4712719954161993,0.13227617154230217,0.0
x9534y8050,0.0,0.07750837662953838,0.0,0.0,0.0,0.0,0.0,0.0,0.0,0.7392978557634482,0.18319376760701334,0.0
x10034y8050,0.0,0.0,0.0,0.11070752131814984,0.0,0.0,0.020803811729709756,0.0,0.0,0.8684886669521403,0.0,0.0
x10534y8050,0.0,0.0,0.0,0.0,0.0,0.007502624030487374,0.027492313619218233,0.018282558201592403,0.13182805314298873,0.8148944510057133,0.0,0.0
x34y8550,0.0,0.0,0.0,0.0,0.0,0.0,0.0,0.0,0.20341122042077905,0.2344332003757853,0.5621555792034356,0.0
x534y8550,0.4748747664351187,0.0,0.0,0.0,0.0,0.0,0.0,0.0,0.16686452864094636,0.09165220953600402,0.2666084953879308,0.0
x1034y8550,0.052676701663144136,0.05328042879740243,0.056043519413743755,0.05010043953360906,0.0663020871666751,0.017379314310416952,0.0,0.06464449003176621,0.3209222847019324,0.0,0.31865073438130986,0.0
x1534y8550,0.39778043220718984,0.0,0.0,0.0,0.07674435216944524,0.0,0.01888197946020805,0.0,0.14108707666957532,0.0,0.36550615949358156,0.0
x2034y8550,0.5121893019549499,0.0,0.0,0.0,0.09008834977721382,0.0,0.0,0.0,0.10151759956160718,0.0,0.29620474870622915,0.0
x2534y8550,0.13413259758202092,0.0,0.0,0.0,0.061159127539788485,0.0,0.010255988257451948,0.0,0.20128284022747697,0.0,0.4690343221555077,0.12413512423775404
x3034y8550,0.0,0.0,0.0,0.04278300839176491,0.07794722922830266,0.03666219379405012,0.04755367673386819,0.01038793606812747,0.0952317990610399,0.0,0.6894341567228467,0.0
x4534y8550,0.0,0.0,0.0,0.0,0.08057118653922796,0.0,0.04208147052911206,0.0,0.20273315163719569,0.6067158285425541,0.0,0.06789836275191025
x5034y8550,0.18397985883686033,0.0,0.0,0.0,0.0,0.0,0.04017126645168128,0.017209167276136573,0.2849197524917698,0.24359744126653854,0.23012251367701353,0.0
x5534y8550,0.0,0.8702278964295412,0.0,0.0,0.0,0.0,0.12977210357045874,0.0,0.0,0.0,0.0,0.0
x6034y8550,0.1444764218554941,0.0,0.0,0.0,0.0,0.008247600805568174,0.0,0.0,0.0,0.6899604274992746,0.1573155498396631,0.0
x6534y8550,0.0,0.0,0.0,0.0,0.0,0.0,0.0,0.0,0.0,0.902752255441845,0.09724774455815499,0.0
x7034y8550,0.0,0.10738310695588425,0.0,0.1427468682425648,0.050567688415242756,0.0,0.04660435145738388,0.014306843798870117,0.0,0.5458697650978699,0.09252137603218426,0.0
x7534y8550,0.0,0.0,0.0,0.0,0.0,0.0,0.019303396805428502,0.0,0.12728255995281554,0.7609796468741894,0.0,0.09243439636756655
x8034y8550,0.09824781446819292,0.0,0.0,0.027221226924809466,0.0,0.0,0.010473246455557094,0.0,0.0,0.8640577121514406,0.0,0.0
x8534y8550,0.0,0.02853648760942059,0.04945007361285749,0.0,0.06657249442298825,0.01660051570782158,0.009439852447937696,0.06892814274477228,0.0,0.661881986862623,0.0,0.09859044659157902
x9034y8550,0.0,0.0,0.0,0.18559104944812363,0.0,0.0,0.0,0.0,0.0,0.8144089505518765,0.0,0.0
x9534y8550,0.21519554932864618,0.046577911797076106,0.0,0.054943657467746765,0.026730153542089633,0.05424839245414737,0.024882901187916775,0.0,0.0,0.5439535712454139,0.03346786297696325,0.0
x10034y8550,0.0,0.0,0.0,0.0,0.0,0.0,0.0,0.0,0.0,1.0,0.0,0.0
x10534y8550,0.0,0.0,0.0,0.19239034991066137,0.0,0.008679850343535868,0.029116181762398146,0.0,0.09203100324051774,0.6777826147428869,0.0,0.0
x34y9050,0.33773606477850354,0.0,0.0,0.0,0.0,0.0142019556792721,0.0,0.0,0.1591774388980491,0.4888845406441753,0.0,0.0
x534y9050,0.27838396011139066,0.0,0.0,0.0,0.18307178556827086,0.0,0.05275297524520931,0.0,0.10814921844558487,0.259802610521644,0.11783945010790019,0.0
x1034y9050,0.0,0.0,0.0,0.0,0.2524182587260226,0.0,0.01358087828892773,0.0,0.20523132885345455,0.13252665974701378,0.28826448598758436,0.10797838839699694
x1534y9050,0.0,0.04138295228405648,0.07435864434881463,0.0,0.06354381692887615,0.0,0.02241722782388593,0.0,0.2720073301995763,0.0,0.5262900284147907,0.0
x2034y9050,0.459768273340424,0.0,0.0,0.0,0.054693040069945124,0.0,0.017311778060624314,0.0,0.0,0.18454163854581462,0.28368526998319193,0.0
x2534y9050,0.18148398312880465,0.0,0.0,0.024815598286724343,0.22525115757570158,0.0,0.01842764904126396,0.0,0.16400455774387834,0.0,0.3860170542236271,0.0
x3034y9050,0.0,0.0,0.0,0.0,0.0,0.0,0.0,0.034014476541657346,0.16612425842370018,0.0,0.7998612650346425,0.0
x4534y9050,0.0,0.0,0.0,0.0,0.0,0.022593767661653892,0.011270116255647743,0.0,0.32278166533534464,0.6433544507473536,0.0,0.0
x5034y9050,0.0,0.0,0.0,0.0,0.187133933575752,0.6410899409480725,0.0,0.0,0.0,0.0,0.17177612547617552,0.0
x5534y9050,0.0,0.4446677295389692,0.0,0.0,0.0,0.0,0.0,0.011620994793022964,0.0,0.5437112756680078,0.0,0.0
x6034y9050,0.0,0.0831279794465463,0.0,0.0,0.0,0.0,0.0,0.0,0.0,0.794593109478105,0.0,0.1222789110753488
x6534y9050,0.173563154425739,0.0,0.09986661905489767,0.0,0.17370692756952977,0.0,0.0,0.0,0.0,0.5528632989498335,0.0,0.0
x7034y9050,0.2096391080629554,0.0,0.0,0.0,0.0,0.0,0.0,0.0155656836804864,0.0,0.7747952082565582,0.0,0.0
x7534y9050,0.1022458757262251,0.0,0.0,0.0,0.0,0.0,0.025328813274927413,0.013509600775875994,0.0,0.8589157102229715,0.0,0.0
x8034y9050,0.0,0.0,0.0,0.0,0.0,0.0,0.0,0.0,0.26343360932119464,0.7365663906788054,0.0,0.0
x8534y9050,0.0,0.0,0.0,0.0,0.06951647650687628,0.021324917645939943,0.012010660405546159,0.010761971559068943,0.08553975204487345,0.7328368456376335,0.0680093762000617,0.0
x9034y9050,0.17718507872936182,0.0,0.0,0.0,0.0,0.0,0.0,0.0,0.0,0.7607393382455585,0.0,0.062075583025079636
x9534y9050,0.0,0.0,0.0,0.0,0.0,0.0,0.0,0.0,0.0,1.0,0.0,0.0
x10034y9050,0.0,0.030566646634461438,0.0,0.013431175862355586,0.02587351183733947,0.0,0.03188589509376212,0.0,0.3616646044933614,0.47727076286764913,0.059307403211070836,0.0
x10534y9050,0.5177998520870807,0.0,0.0,0.0,0.17368716936358713,0.12612190211994048,0.0,0.0,0.18239107642939176,0.0,0.0,0.0
x34y9550,0.11048359623256057,0.0,0.0,0.0,0.0,0.0,0.0,0.0,0.24140134460405385,0.5692940900217032,0.07882096914168242,0.0
x534y9550,0.07220152064314762,0.07220130938354972,0.0,0.0,0.05067550441968661,0.04494893737175205,0.0,0.0,0.11866725400105327,0.5078755177171089,0.13342995646370176,0.0
x1034y9550,0.10672549299441125,0.12099101475137129,0.0,0.10399883805494453,0.1269551090615435,0.12233896277279598,0.043399086649712225,0.0,0.0705553440865345,0.30503615162868664,0.0,0.0
x1534y9550,0.052435122915637844,0.12998999761016464,0.0,0.011565151062481618,0.0,0.0,0.07809869841926897,0.0,0.0,0.596470734301244,0.1314402956912029,0.0
x2034y9550,0.06753481334797151,0.10444388680607453,0.0,0.04515282868094492,0.2745195002033226,0.0,0.013112281184863602,0.0,0.11257282914196995,0.19185628288101175,0.19080757775384113,0.0
x2534y9550,0.0,0.24115764710347068,0.29661861482298446,0.05116461887580775,0.0,0.0,0.023177075837988215,0.0,0.0,0.0,0.3878820433597489,0.0
x3034y9550,0.11116213783266633,0.0,0.09663472801580976,0.015822798259420928,0.0,0.0,0.04009379365334325,0.0,0.24028855938550073,0.11548926260783828,0.3805087202454207,0.0
x3534y9550,0.0,0.0,0.0,0.0,0.0,0.0,0.0,0.0,0.29414041342853176,0.0,0.4310398001027228,0.2748197864687455
x4534y9550,0.034680205891731375,0.0,0.0,0.0,0.0,0.010187089984927147,0.0,0.0,0.31444660719981316,0.548047648600552,0.09263844832297637,0.0
x5034y9550,0.0,0.0,0.08154170874758133,0.0,0.2217525453996697,0.0,0.011115175559387394,0.0,0.2921535303137164,0.3934370399796452,0.0,0.0
x5534y9550,0.0,0.3167509481560541,0.0,0.017569445856313492,0.0,0.0,0.015243725928390125,0.0,0.15988844020127843,0.4905474398579639,0.0,0.0
x6034y9550,0.0,0.2532919389608854,0.0,0.0,0.3204568661822089,0.0,0.0,0.0,0.10674791179964076,0.31950328305726494,0.0,0.0
x6534y9550,0.0,0.05385505226683576,0.09620363143549406,0.011670169639378777,0.0,0.0,0.0,0.0,0.1960907990724223,0.6421803475858692,0.0,0.0
x7034y9550,0.0,0.0,0.1390790541931711,0.03951398215899071,0.0,0.0,0.018877824838145516,0.0,0.23733267057427584,0.5651964682354168,0.0,0.0
x7534y9550,0.0,0.0,0.07188522252030873,0.0,0.12545230833735127,0.0,0.0,0.0,0.1615785096298346,0.5802448113641427,0.0,0.06083914814836265
x8034y9550,0.0,0.0,0.0,0.0,0.0,0.0,0.0,0.0,0.18026372211893182,0.8197362778810682,0.0,0.0
x8534y9550,0.0,0.17707003332184904,0.0,0.017450677518023507,0.0,0.0,0.0,0.0,0.21283649092896176,0.5926427982311656,0.0,0.0
x9034y9550,0.0,0.14223597978079477,0.08322537992689508,0.0,0.0,0.0,0.0,0.0,0.4420842053985304,0.33245443489377974,0.0,0.0
x9534y9550,0.2503333915325386,0.0,0.0,0.0,0.0,0.0,0.03142036260662921,0.0,0.42465995640593546,0.29358628945489673,0.0,0.0
x10034y9550,0.0,0.09037311412127862,0.0,0.036012166815839186,0.0,0.0,0.017234522783280356,0.0,0.6944865654571305,0.0,0.0,0.16189363082247124
x10534y9550,0.0,0.0,0.0,0.015564182696952103,0.0,0.0,0.023936736871251984,0.0,0.2893676936452701,0.42913985380745495,0.0,0.24199153297907097
x34y10050,0.20315469557805957,0.0,0.0,0.0,0.0,0.009477040346135673,0.01757762139580805,0.0,0.16859436038373538,0.5219830688908119,0.07921321340544947,0.0
x534y10050,0.0,0.04755172440891061,0.0,0.0,0.0,0.043650983753003254,0.03534097640495025,0.0,0.17856375905502705,0.6408768237819472,0.0,0.05401573259616149
x1034y10050,0.14039646261566768,0.0,0.0,0.03835477354342138,0.0,0.0,0.03400558618507735,0.0,0.1260379479245674,0.5376398654305515,0.12356536430071464,0.0
x1534y10050,0.0,0.0,0.0,0.0,0.0,0.0,0.016206643670385965,0.0,0.24099321365061296,0.6643237965287632,0.07847634615023798,0.0
x2034y10050,0.10588279562321623,0.0,0.0,0.027067761030753743,0.06336670964953228,0.010095075818325396,0.02688985275100532,0.0,0.22059940688502747,0.5460983982421396,0.0,0.0
x2534y10050,0.0,0.0624019202077929,0.0,0.0,0.0,0.0,0.0,0.0,0.26849817313515756,0.4667520287178954,0.20234787793915418,0.0
x3034y10050,0.13302956035536379,0.0,0.0,0.057304073725397565,0.11545708723209269,0.10856267238633004,0.018940046314255738,0.07470620249228807,0.13563291773845682,0.20418343039957393,0.1521840093562415,0.0
x3534y10050,1.0,0.0,0.0,0.0,0.0,0.0,0.0,0.0,0.0,0.0,0.0,0.0
x4534y10050,0.0,0.0,0.0,0.0,0.0,0.010072488920226637,0.0,0.0,0.4550185889232265,0.46369842107986764,0.07121050107667933,0.0
x5034y10050,0.0,0.20122111886083133,0.0,0.0,0.0,0.0,0.0,0.0,0.2951765428812188,0.41231349333658424,0.09128884492136571,0.0
x5534y10050,0.0,0.36475641669620945,0.0,0.0,0.0,0.0,0.0,0.0,0.3482634801293269,0.2869801031744636,0.0,0.0
x6034y10050,0.0,0.0,0.0,0.1229534557852327,0.0,0.0,0.05497423681249559,0.0,0.22378116014404967,0.5046325526188928,0.0,0.09365859463932914
x6534y10050,0.0,0.0,0.0,0.0,0.0,0.0,0.0,0.0,0.3328996997478195,0.5886710965666061,0.0,0.07842920368557428
x7034y10050,0.0,0.05995121082902557,0.16715129811266727,0.030985049632802193,0.04011547266751721,0.0,0.018782772900767134,0.0,0.4228006970897292,0.26021349876749134,0.0,0.0
x7534y10050,0.0,0.0,0.10719400086822148,0.0,0.0,0.0,0.0,0.013093040597954539,0.5040374962864392,0.37567546224738463,0.0,0.0
x8034y10050,0.0,0.0,0.039141295016533635,0.0,0.06151453091915186,0.04548311786232729,0.008822829936819132,0.0,0.5930435618067055,0.2519946644584626,0.0,0.0
x8534y10050,0.1056870521929406,0.044576600770976915,0.0,0.0,0.0,0.28354763971979496,0.015464942196227955,0.0,0.3047499407587602,0.24597382436129944,0.0,0.0
x9034y10050,0.0,0.0,0.050566020168387515,0.0,0.02234594127724578,0.009802698388069072,0.0,0.014569829206158845,0.7774360761795197,0.125279434780619,0.0,0.0
x9534y10050,0.15161877629952267,0.045283882180963006,0.0,0.0,0.024556494000738102,0.0,0.0,0.0,0.7223335995659795,0.0,0.056207247952796704,0.0
x10034y10050,0.10184005356662132,0.0,0.0,0.0,0.11570623456066637,0.0,0.010663601394507108,0.0,0.7717901104782051,0.0,0.0,0.0
x10534y10050,0.0,0.0,0.0,0.0,0.0,0.010597001035563686,0.0,0.0,0.9894029989644363,0.0,0.0,0.0
x34y10550,0.0,0.05274624075946524,0.0,0.14820930624175924,0.0,0.0,0.04217096098510605,0.0,0.14768348759550268,0.6091900044181667,0.0,0.0
x534y10550,0.0,0.0,0.0,0.0,0.0,0.0,0.0,0.0,0.19227777812883212,0.8077222218711678,0.0,0.0
x1034y10550,0.0,0.07597358139832003,0.0,0.0,0.0,0.0,0.0,0.0,0.0,0.8492452608969403,0.0747811577047396,0.0
x1534y10550,0.0,0.0,0.0,0.0,0.0,0.0,0.0,0.0,0.0,1.0,0.0,0.0
x2034y10550,0.11919773624285952,0.058167810311333,0.0,0.0,0.0,0.0,0.0,0.0,0.0,0.8226344534458074,0.0,0.0
x2534y10550,0.0,0.0,0.0,0.020052302704014046,0.03809030198123066,0.0,0.0,0.08071170741037118,0.0,0.8611456879043842,0.0,0.0
x3034y10550,0.13839088933934382,0.0,0.0,0.0,0.0,0.015334679722304232,0.0,0.0,0.1751097930401232,0.6711646378982288,0.0,0.0
x3534y10550,0.31012687358290764,0.2657423509488281,0.0,0.0,0.06663804926822305,0.0,0.0,0.0,0.0,0.3574927262000412,0.0,0.0
x4534y10550,0.0,0.0,0.0,0.0,0.0,0.0,0.0,0.0,0.8759029490562836,0.0,0.0,0.12409705094371631
x5034y10550,0.0,0.2835763035583855,0.0,0.0,0.0,0.0,0.0,0.0,0.570576643266628,0.14584705317498645,0.0,0.0
x5534y10550,0.3023547828009491,0.2703066788538104,0.0,0.06185311022769809,0.0,0.0,0.03891625160216714,0.0,0.32656917651537526,0.0,0.0,0.0
x6034y10550,0.0,0.3082801590113969,0.0,0.0,0.2245090213372494,0.0,0.0,0.0,0.35665507472119723,0.0,0.11055574493015637,0.0
x6534y10550,0.2938122869376377,0.0,0.0,0.0,0.0,0.0,0.019032051554934492,0.0,0.4753093473422086,0.21184631416521932,0.0,0.0
x7034y10550,0.0,0.0,0.04635564560820622,0.0,0.0,0.0,0.019528835932951256,0.013841275290073222,0.6429680122402595,0.27730623092850976,0.0,0.0
x7534y10550,0.0,0.0,0.6170271371385914,0.2409479605200941,0.0,0.0,0.14202490234131465,0.0,0.0,0.0,0.0,0.0
x8034y10550,0.0,0.0,0.0,0.0,0.04339296181773031,0.0,0.012168140257471665,0.020799892996803238,0.7760916868231972,0.0,0.14754731810479774,0.0
x8534y10550,0.08640025224496856,0.0,0.0,0.0,0.07408553231670338,0.05958598895269727,0.01691530157076181,0.250008583672239,0.4149535353603315,0.0,0.09805080588229857,0.0
x9034y10550,0.0,0.2365657369811749,0.0,0.1544162900218723,0.05719778255942707,0.0,0.07065030693877201,0.0,0.48116988349875367,0.0,0.0,0.0
x9534y10550,0.0,0.07801753091321223,0.0,0.0,0.0,0.031130941249290774,0.0,0.0,0.8092184047604615,0.0,0.0,0.08163312307703552
x10034y10550,0.06148749118129617,0.0,0.0,0.013448467709329693,0.027892670034747276,0.011135947222846611,0.02934448919136757,0.01482107024691338,0.8418698644134993,0.0,0.0,0.0
x10534y10550,0.1129773124499399,0.0,0.0,0.0,0.0,0.0,0.0,0.0,0.7324063968630562,0.0,0.15461629068700383,0.0
x34y11050,0.14348787739816735,0.1663939948835472,0.0,0.0,0.0,0.01064335105447468,0.0,0.0,0.2933934382027996,0.30463072820763476,0.08145061025337638,0.0
x534y11050,0.0,0.0,0.07864733228545677,0.0,0.0,0.0,0.0,0.0,0.361242887955324,0.43079283694416703,0.12931694281505232,0.0
x1034y11050,0.04753125047443071,0.0,0.0,0.0,0.0,0.0,0.011697226677262397,0.0,0.44765197125896866,0.4931195515893382,0.0,0.0
x1534y11050,0.17535271121323875,0.051278465167987786,0.0,0.0,0.0,0.0,0.010815570893900497,0.0,0.2418653345581747,0.4442948395426983,0.07639307862399985,0.0
x2034y11050,0.04668380686953143,0.0,0.0,0.0,0.0,0.01265191811969783,0.0,0.0,0.1584110683901189,0.7822532066206518,0.0,0.0
x2534y11050,0.0,0.1973112570247497,0.0,0.0,0.0,0.0,0.0,0.011113791756902624,0.05424778442819203,0.6219103379029539,0.11541682888720164,0.0
x3034y11050,0.25787545249666755,0.0,0.0,0.0,0.0,0.0,0.024681079413898358,0.0,0.0,0.7174434680894342,0.0,0.0
x3534y11050,0.18664848808653975,0.0,0.0,0.08391476455745543,0.0,0.0,0.0,0.0,0.15406297027868435,0.5753737770773204,0.0,0.0
x4534y11050,0.0,0.06333373245760653,0.095645707966603,0.0,0.0,0.26208061328579774,0.0,0.0,0.5789399462899928,0.0,0.0,0.0
x5034y11050,0.09542678116228383,0.5751193144093679,0.0,0.0,0.0,0.0,0.0,0.0,0.3294539044283483,0.0,0.0,0.0
x5534y11050,0.0,0.0,0.0,0.0,0.0,0.006410330547508481,0.01053045269687237,0.0,0.8946139429564389,0.0,0.08844527379918021,0.0
x6034y11050,0.0,0.0,0.0,0.0,0.0902258955513589,0.0,0.008389475844336193,0.0,0.901384628604305,0.0,0.0,0.0
x6534y11050,0.0,0.08305745931384895,0.0,0.0,0.18605700098963282,0.02094455170101875,0.0,0.06939156007240174,0.5511266545026123,0.08942277342048555,0.0,0.0
x7034y11050,0.19608705370604865,0.0,0.0,0.0,0.0,0.0,0.015855820584408466,0.15803459576471401,0.6300225299448289,0.0,0.0,0.0
x7534y11050,0.041221532573167505,0.0,0.0,0.0,0.02391217116221358,0.012783186357051595,0.0,0.0,0.8152769648769373,0.0,0.0,0.10680614503062996
x8034y11050,0.0,0.0,0.0,0.0,0.0,0.0,0.0,0.0,0.8968108195700282,0.0,0.04662569266253484,0.05656348776743713
x8534y11050,0.0,0.04738429410645093,0.0,0.009429788189968064,0.0,0.0,0.0,0.0,0.943185917703581,0.0,0.0,0.0
x9034y11050,0.17612529282034028,0.0,0.0,0.0,0.3505895564429324,0.0,0.0,0.0,0.42405925192647087,0.0,0.0,0.04922589881025659
x9534y11050,0.0,0.100001139893363,0.0,0.026510984685073843,0.057289568608033345,0.015741392908174175,0.0,0.0,0.6598944021855487,0.0,0.06617279446171259,0.07438971725809447
x10034y11050,0.335473043091595,0.0,0.0,0.0,0.0,0.0,0.0,0.0,0.664526956908405,0.0,0.0,0.0
x10534y11050,0.0,0.04017499226188662,0.0,0.0,0.0,0.37984681502514306,0.0,0.0,0.5799781927129705,0.0,0.0,0.0
x34y11550,0.0,0.0,0.0,0.0,0.0,0.0,0.0,0.12072250071838783,0.7771019735394683,0.0,0.10217552574214385,0.0
x534y11550,0.0,0.0,0.0,0.0,0.2917954381874006,0.007120469503585235,0.02745120163777225,0.0,0.4898440101194933,0.18378888055174863,0.0,0.0
x1034y11550,0.0,0.0,0.0,0.11725327283431627,0.0,0.0,0.0,0.0,0.5121121315223428,0.23272458626487735,0.13791000937846362,0.0
x1534y11550,0.20441484197710533,0.17002336056608847,0.0,0.0,0.04251714844885167,0.0,0.017118164188335575,0.0,0.3604260967324439,0.205500388087175,0.0,0.0
x2034y11550,0.12475905046442924,0.0,0.0,0.09129033172985984,0.0,0.0,0.032866680788348986,0.011953026159689186,0.32791160379187995,0.41121930706579285,0.0,0.0
x2534y11550,0.0,0.2646464271088957,0.0,0.02400525454979082,0.0,0.0,0.0,0.0,0.0,0.7113483183413135,0.0,0.0
x3034y11550,0.0,0.05533737968620667,0.0,0.0,0.0,0.0,0.015966764474402925,0.012140732299811066,0.12837974436227412,0.7881753791773052,0.0,0.0
x3534y11550,0.0,0.0,0.0,0.0,0.0,0.0,0.0,0.0,0.2185726606172907,0.7814273393827094,0.0,0.0
x4534y11550,0.0,0.0,0.0,0.0,0.0,0.0,0.0,0.0,1.0,0.0,0.0,0.0
x5034y11550,0.0,0.3397204181077494,0.0,0.0,0.04940608917238614,0.0,0.020158108325891107,0.0,0.5907153843939734,0.0,0.0,0.0
x5534y11550,0.0,0.0,0.1657562315933404,0.0,0.0,0.0,0.0,0.0,0.7103705085631147,0.12387325984354483,0.0,0.0
x6034y11550,0.0,0.0,0.0,0.0,0.0,0.0,0.0,0.0,0.7625727419441357,0.0,0.10454176953248773,0.13288548852337656
x6534y11550,0.0,0.0,0.0,0.1279903334667193,0.0,0.0,0.06280209277247865,0.0,0.6645884103097707,0.14461916345103132,0.0,0.0
x7034y11550,0.0,0.0,0.039255654200165205,0.059329686026482316,0.22216094369475245,0.0,0.047530509288561035,0.0,0.5582494834354329,0.0,0.07347372335460602,0.0
x8034y11550,0.0,0.0,0.0,0.0,0.019905006483026507,0.011804286488816039,0.0,0.0,0.9682907070281574,0.0,0.0,0.0
x8534y11550,0.08152686409004949,0.0,0.0,0.062441585160764944,0.0,0.0,0.0169196683497869,0.0,0.8391118823993987,0.0,0.0,0.0
x9034y11550,0.1620872538528309,0.0,0.0,0.0,0.0,0.205708870863264,0.01637044208103603,0.015663935021899153,0.6001694981809699,0.0,0.0,0.0
x9534y11550,0.16739559603675472,0.325863075768572,0.0,0.06872809521809431,0.0,0.021730697388433636,0.0,0.012885625228617985,0.4033969103595273,0.0,0.0,0.0
x10034y11550,0.0,0.0,0.06926933449996568,0.00837007515195597,0.04492904785052342,0.0,0.0,0.0,0.877431542497555,0.0,0.0,0.0
x10534y11550,0.0,0.0,0.0,0.0,0.04880871711206742,0.0,0.0,0.0,0.9511912828879326,0.0,0.0,0.0
x34y12050,0.05324913920305696,0.0,0.0,0.0,0.13293472053670033,0.0,0.0,0.0,0.6947879624367348,0.0,0.11902817782350796,0.0
x534y12050,0.0,0.0,0.0,0.0,0.048833336993572965,0.0,0.0,0.16068796323448875,0.7904786997719383,0.0,0.0,0.0
x1034y12050,0.04761204064765793,0.0,0.0,0.059529501353951804,0.04519060383672577,0.0,0.017253573793857637,0.19587805796725985,0.5687047764223215,0.0,0.0,0.06583144597822542
x1534y12050,0.0,0.0,0.0,0.007541020785462456,0.0,0.0,0.0,0.0,0.7347577538855472,0.1426066847762105,0.11509454055277994,0.0
x2034y12050,0.08373425632656724,0.0,0.08224508364910156,0.06327746437370732,0.08194274925554326,0.0,0.010700054617276964,0.0,0.46795199074228816,0.21014840103551558,0.0,0.0
x2534y12050,0.054811734051606775,0.0,0.03749225998638889,0.0,0.06922581824840612,0.0,0.0,0.0,0.5495213054401761,0.28894888227342214,0.0,0.0
x3034y12050,0.21633465209215177,0.0,0.0,0.0,0.03192181499803604,0.0,0.01775999014327603,0.0,0.29843880451017313,0.43554473825636303,0.0,0.0
x3534y12050,0.11098243130791188,0.0,0.0,0.0,0.0,0.0,0.0,0.0,0.0,0.889017568692088,0.0,0.0
x4534y12050,0.0,0.0,0.06979372040437874,0.0,0.0,0.0,0.0,0.08146233093167206,0.8487439486639492,0.0,0.0,0.0
x5034y12050,0.0,0.4962826068600864,0.08393424945685324,0.0,0.0,0.0,0.0,0.0,0.4197831436830604,0.0,0.0,0.0
x5534y12050,0.5753409715768585,0.0,0.0,0.0,0.026932553488744983,0.0,0.0,0.0,0.39772647493439645,0.0,0.0,0.0
x6034y12050,0.0,0.0,0.0,0.0,0.0,0.0,0.0,0.4644003417818671,0.5355996582181329,0.0,0.0,0.0
x6534y12050,0.0,0.0,0.03430482581164103,0.0,0.0,0.0,0.009999316280615796,0.0,0.8578700913933343,0.0,0.0,0.09782576651440891
x7034y12050,0.22762650488829078,0.08703855230293364,0.0,0.0,0.0,0.03249516192740247,0.0,0.0,0.6528397808813731,0.0,0.0,0.0
x8034y12050,0.0,0.0,0.20249092795661636,0.0,0.0,0.0,0.02684398298423349,0.03584360512960873,0.7348214839295415,0.0,0.0,0.0
x8534y12050,0.0,0.0332218082019421,0.15548465089892485,0.0,0.0,0.0,0.0,0.08116859212504145,0.7301249487740916,0.0,0.0,0.0
x9034y12050,0.0,0.0,0.05860483502098491,0.009261090263524003,0.0,0.02309235645479063,0.0,0.0,0.9090417182607005,0.0,0.0,0.0
x9534y12050,0.0,0.0,0.0,0.007123601940989954,0.033556990446159236,0.025429211451627035,0.0,0.0,0.860127929888654,0.0,0.0,0.07376226627256967
x10034y12050,0.5196887088742823,0.0,0.0,0.0,0.0,0.0,0.0,0.0,0.4803112911257178,0.0,0.0,0.0
x10534y12050,0.0,0.0,0.0,0.0,0.1125877144320003,0.012810870221408454,0.0,0.0,0.8746014153465913,0.0,0.0,0.0
x34y12550,0.1286598068864693,0.0,0.0,0.0,0.0,0.0,0.0,0.0,0.8713401931135307,0.0,0.0,0.0
x534y12550,0.2587402021478805,0.0,0.0,0.0,0.0,0.0,0.0,0.22277764724427085,0.5184821506078486,0.0,0.0,0.0
x1034y12550,0.3430592492138956,0.4980917235173421,0.09568322505467168,0.0,0.0,0.0,0.0,0.0,0.0,0.0,0.0,0.06316580221409064
x1534y12550,0.24092191370095536,0.0,0.0,0.124433047482335,0.22353201205640136,0.0,0.03615043919486341,0.0,0.37496258756544487,0.0,0.0,0.0
x2034y12550,0.15203641180121605,0.0,0.0,0.0,0.0,0.0,0.0,0.0,0.7214841588861944,0.12647942931258943,0.0,0.0
x2534y12550,0.2207821795922684,0.0,0.0,0.0,0.0,0.18963904392778758,0.014094736220259039,0.0,0.575484040259685,0.0,0.0,0.0
x3034y12550,0.0563939238167073,0.0,0.0,0.1267131748086192,0.0,0.0,0.017216707509525482,0.0,0.5399561768743285,0.2597200169908194,0.0,0.0
x3534y12550,0.0,0.0,0.0,0.0,0.0,0.0,0.0,0.0,0.0,1.0,0.0,0.0
x4534y12550,0.0,0.0,0.0,0.0,0.0,0.0,0.013272070068925826,0.17383487390389005,0.6160403313837698,0.0,0.0,0.19685272464341436
x5034y12550,0.0,0.5148311681946556,0.0,0.0,0.1207555018150554,0.0,0.02632884970121077,0.0,0.33808448028907834,0.0,0.0,0.0
x5534y12550,0.0,0.06557580337696307,0.06144154663907505,0.07006642453878688,0.17087749424127321,0.0,0.010342948029392918,0.0,0.5545540287857245,0.0,0.06714175438878434,0.0
x6034y12550,0.0,0.0,0.0,0.0,0.0,0.2827100050029025,0.0,0.11334367581270877,0.6039463191843887,0.0,0.0,0.0
x6534y12550,0.0,0.04336111003545769,0.0,0.0,0.0,0.13626013511869028,0.0,0.013864458971638936,0.7305146443941684,0.0,0.0,0.07599965148004477
x7034y12550,0.0,0.0,0.0,0.014056287064979692,0.0,0.0,0.0,0.0,0.9859437129350204,0.0,0.0,0.0
x7534y12550,0.0,0.0,0.0,0.0,0.0,0.0,0.0,0.0,0.9255330728557238,0.0,0.07446692714427623,0.0
x8034y12550,0.22923147574098793,0.04792816295528792,0.0,0.0,0.039571035700013066,0.0,0.016076323490330897,0.0687888220164276,0.5984041800969525,0.0,0.0,0.0
x8534y12550,0.0,0.0,0.06183787785395392,0.007099959275198411,0.03354018578317064,0.0,0.0,0.0,0.897521977087677,0.0,0.0,0.0
x9034y12550,0.14498803395178872,0.05721797085317568,0.22921145413853275,0.0,0.0,0.0,0.0,0.0,0.5685825410565029,0.0,0.0,0.0
x10034y12550,0.06799815021335616,0.10846868466022434,0.0,0.0,0.04239015329849318,0.010949414952949585,0.0,0.0,0.7084390347386708,0.0,0.06175456213630592,0.0
x10534y12550,0.22393557148584248,0.0,0.0,0.0,0.0,0.0,0.0,0.0,0.7760644285141575,0.0,0.0,0.0
x34y13050,0.2966720456946065,0.0,0.054308409081514235,0.0,0.0,0.00808651094210821,0.0061782254674573435,0.0,0.5640792004338452,0.0,0.0,0.0706756083804685
x534y13050,0.05622108676517563,0.0,0.0,0.0,0.4852401675882457,0.018231251731326253,0.0,0.0,0.4403074939152525,0.0,0.0,0.0
x1034y13050,0.0,0.14008733462701325,0.0,0.0,0.0387810663191301,0.0,0.0,0.0,0.723611459904525,0.0,0.0,0.09752013914933166
x1534y13050,0.07363844662058014,0.15918078677748324,0.0,0.0,0.0,0.0,0.0,0.0,0.7030660024612946,0.0,0.064114764140642,0.0
x2034y13050,0.04561780623056002,0.0,0.0,0.0,0.048313259167187345,0.0,0.0,0.0,0.9060689346022526,0.0,0.0,0.0
x2534y13050,0.2786537490845809,0.0,0.0,0.0,0.0,0.030396155465373994,0.0,0.0,0.690950095450045,0.0,0.0,0.0
x3034y13050,0.18632369208404084,0.0,0.0,0.0,0.0,0.0,0.0,0.0,0.7528661156007208,0.0,0.060810192315238314,0.0
x3534y13050,0.0,0.0,0.1718527819869546,0.0,0.0372465362674691,0.0,0.0147149301622839,0.0,0.6354333498747623,0.0,0.0,0.1407524017085301
x4534y13050,0.0,0.09198085816582725,0.0,0.0,0.0,0.0,0.0,0.0,0.6764361316427433,0.0,0.09282432932074439,0.138758680870685
x5034y13050,0.13148645581585347,0.3659227036866176,0.0,0.0,0.0,0.0,0.025751917578553392,0.02119076019247828,0.45564816272649716,0.0,0.0,0.0
x5534y13050,0.0,0.28642602164146985,0.16071959046075543,0.0,0.0,0.0,0.0,0.0,0.5528543878977746,0.0,0.0,0.0
x6034y13050,0.0,0.0,0.5328366575723066,0.0,0.0,0.0,0.0,0.0,0.46716334242769353,0.0,0.0,0.0
x6534y13050,0.35624408681837205,0.0,0.0,0.0,0.0,0.0,0.0,0.0,0.643755913181628,0.0,0.0,0.0
x7034y13050,0.0,0.184520714771527,0.0,0.060982300542027155,0.0,0.0,0.0,0.0,0.7544969846864459,0.0,0.0,0.0
x7534y13050,0.9229284578089973,0.0,0.0,0.03298401492408013,0.0,0.04408752726692257,0.0,0.0,0.0,0.0,0.0,0.0
x8034y13050,0.26816367052978335,0.3210243568553416,0.0,0.0,0.04457593842619519,0.0,0.058210992110077915,0.02108471429261515,0.2869403277859868,0.0,0.0,0.0
x8534y13050,0.2931971900292408,0.23653218367706358,0.4144576784832104,0.0,0.0,0.0,0.05581294781048522,0.0,0.0,0.0,0.0,0.0
x10034y13050,0.0,0.7183188528401067,0.2483805671018712,0.0,0.0,0.033300580058022264,0.0,0.0,0.0,0.0,0.0,0.0
x10534y13050,0.0,0.31004594497571014,0.3484666864665343,0.0,0.039632266752446244,0.0,0.05416717119198334,0.16900028458873742,0.07868764602458853,0.0,0.0,0.0
x34y13550,0.0,0.0,0.0,0.014848641618087306,0.059664938916615444,0.0,0.0,0.758079255817181,0.16740716364811598,0.0,0.0,0.0
x534y13550,0.0627804823798758,0.08033256955461836,0.0,0.0,0.04711319391208391,0.016040289110671457,0.0,0.0,0.7937334650427506,0.0,0.0,0.0
x1034y13550,0.12971367283825963,0.1657386442725259,0.0,0.0,0.0,0.0,0.0,0.0,0.7045476828892144,0.0,0.0,0.0
x1534y13550,0.07269100750031893,0.0,0.0,0.0,0.0,0.0,0.0,0.14540960430974317,0.7818993881899379,0.0,0.0,0.0
x2034y13550,0.0,0.20367756488969666,0.0,0.0,0.0,0.0,0.03257976581661664,0.0,0.7637426692936867,0.0,0.0,0.0
x2534y13550,0.0,0.0,0.0,0.0,0.0,0.0,0.0,0.0,0.9131822951612538,0.0,0.0,0.08681770483874614
x3034y13550,0.0,0.0,0.0,0.0,0.0,0.0,0.0,0.0,0.8856831860414232,0.0,0.0,0.11431681395857679
x3534y13550,0.15526857154014878,0.14356092235738968,0.0,0.0,0.06486887531430871,0.0,0.0,0.0,0.6363016307881527,0.0,0.0,0.0
x4534y13550,0.0,0.0,0.0,0.0,0.0,0.0,0.0,0.4815266061407273,0.5184733938592727,0.0,0.0,0.0
x5034y13550,0.0,0.39824493099158764,0.24932360371019555,0.0,0.0,0.0,0.04031874957195775,0.0,0.31211271572625915,0.0,0.0,0.0
x5534y13550,0.0,0.6179752557349492,0.3265538928947962,0.0,0.0,0.0,0.055470851370254586,0.0,0.0,0.0,0.0,0.0
x6034y13550,0.8816506665545734,0.11834933344542661,0.0,0.0,0.0,0.0,0.0,0.0,0.0,0.0,0.0,0.0
x7034y13550,0.0,0.0,0.9422212133128465,0.0,0.0,0.0,0.057778786687153576,0.0,0.0,0.0,0.0,0.0
x7534y13550,0.0,0.40337305811576074,0.5966269418842393,0.0,0.0,0.0,0.0,0.0,0.0,0.0,0.0,0.0
x8034y13550,0.0,0.5939402888677852,0.23635455272614941,0.0,0.0,0.0,0.0717787256147002,0.0,0.0,0.0,0.09792643279136529,0.0
x9034y13550,0.0,0.3538134942601597,0.0,0.0,0.0,0.0,0.3091649067954166,0.0,0.3370215989444238,0.0,0.0,0.0
x10034y13550,0.36346393531500387,0.0,0.17663785273864718,0.0,0.0,0.0,0.459898211946349,0.0,0.0,0.0,0.0,0.0
x10534y13550,0.14909745845418487,0.0,0.8509025415458152,0.0,0.0,0.0,0.0,0.0,0.0,0.0,0.0,0.0
x34y14050,0.3852262326716136,0.05904204267740406,0.0,0.0,0.0,0.0,0.01736807592808704,0.5383636487228953,0.0,0.0,0.0,0.0
x534y14050,0.20756652131519532,0.0,0.0,0.0,0.0,0.0,0.0,0.0,0.7924334786848046,0.0,0.0,0.0
x1034y14050,0.0,0.0,0.0,0.0,0.0,0.0,0.0,0.10415267051454699,0.895847329485453,0.0,0.0,0.0
x1534y14050,0.0,0.0,0.0,0.0,0.03256569221339531,0.02045394482469581,0.0,0.03881944548111785,0.8557874651657374,0.0,0.05237345231505354,0.0
x2034y14050,0.07965826765016859,0.0,0.0,0.0,0.3126543982158019,0.0,0.00998501332289073,0.0,0.5977023208111388,0.0,0.0,0.0
x2534y14050,0.17073134709507223,0.0,0.09184870626962272,0.061110516058509846,0.0,0.0,0.1228077461660006,0.0,0.5535016844107946,0.0,0.0,0.0
x3034y14050,0.16961649228819495,0.6883341858529051,0.0,0.0,0.038200877725044075,0.01150900565734277,0.09233943847651306,0.0,0.0,0.0,0.0,0.0
x3534y14050,0.5279742615735608,0.0,0.0,0.0,0.05502000256675137,0.0,0.0,0.0,0.417005735859688,0.0,0.0,0.0
x4534y14050,0.18426341981426284,0.0,0.8157365801857371,0.0,0.0,0.0,0.0,0.0,0.0,0.0,0.0,0.0
x5034y14050,0.0,0.9658756071178068,0.0,0.03412439288219323,0.0,0.0,0.0,0.0,0.0,0.0,0.0,0.0
x5534y14050,0.3093258181050182,0.29813701519955077,0.18398927008006669,0.0,0.14963025006774172,0.0,0.0313226817778599,0.027594964769762684,0.0,0.0,0.0,0.0
x6034y14050,0.7873500585506695,0.18351828166164919,0.0,0.0,0.0,0.0,0.029131659787681223,0.0,0.0,0.0,0.0,0.0
x7034y14050,0.7000677324561324,0.0,0.0,0.19941061012791575,0.0,0.0,0.10052165741595182,0.0,0.0,0.0,0.0,0.0
x7534y14050,0.0,0.0,0.0,1.0,0.0,0.0,0.0,0.0,0.0,0.0,0.0,0.0
x9534y14050,0.864157863346063,0.0,0.0,0.0,0.0,0.0,0.10964425761254977,0.026197879041387234,0.0,0.0,0.0,0.0
x10034y14050,0.07798285220307374,0.0,0.13293740963891434,0.0,0.05658549674855333,0.0,0.72501938522293,0.007474856186528692,0.0,0.0,0.0,0.0
x10534y14050,0.0,0.0,0.0,0.0,0.0,0.0,0.9711918839664612,0.0,0.0,0.0,0.028808116033538764,0.0
x34y14550,0.8308066589732349,0.0,0.0,0.14781243213916445,0.0,0.021380908887600594,0.0,0.0,0.0,0.0,0.0,0.0
x1034y14550,0.251008664805469,0.0,0.0,0.0,0.0,0.0,0.0,0.0,0.748991335194531,0.0,0.0,0.0
x1534y14550,0.04249289179525516,0.0,0.0,0.0,0.0,0.009937689545764414,0.0,0.0,0.9475694186589805,0.0,0.0,0.0
x2034y14550,0.0,0.0,0.069357035398484,0.0,0.0,0.0,0.0,0.3947186044040396,0.5359243601974764,0.0,0.0,0.0
x2534y14550,0.0,0.0,0.0,0.0,0.0,0.0,0.0,0.0,0.8100517087504434,0.0,0.09240349414118695,0.0975447971083698
x3034y14550,0.0,0.0,0.09934214754326559,0.0,0.0,0.0,0.012818034653859764,0.0,0.7862932560472743,0.0,0.0,0.1015465617556003
x3534y14550,0.0,0.0,0.0,0.0,0.0,0.0,0.0,0.0,1.0,0.0,0.0,0.0
x34y15050,0.39955168742265273,0.23793596661982072,0.0,0.0,0.0,0.0,0.36251234595752646,0.0,0.0,0.0,0.0,0.0
x534y15050,1.0,0.0,0.0,0.0,0.0,0.0,0.0,0.0,0.0,0.0,0.0,0.0
x1034y15050,0.2935463183387848,0.7064536816612152,0.0,0.0,0.0,0.0,0.0,0.0,0.0,0.0,0.0,0.0
x2034y15050,0.8668215728674135,0.0,0.0,0.0,0.0,0.0,0.0,0.0,0.0,0.1331784271325865,0.0,0.0
x2534y15050,0.6666126815221237,0.0,0.0,0.0,0.0,0.025456401385617132,0.0,0.0,0.3079309170922591,0.0,0.0,0.0
x3034y15050,0.0,0.0,0.0,0.0,0.0,0.0,0.0,0.024925129154194217,0.9750748708458058,0.0,0.0,0.0
x3534y15050,0.0,0.0,0.0,0.0,0.13379426040709866,0.0,0.01837214206348851,0.0,0.7385650212253635,0.0,0.0,0.10926857630404924
x34y15550,0.040919282388023434,0.0,0.0,0.0,0.0,0.0,0.9382510168525131,0.0,0.0,0.020829700759463436,0.0,0.0
x534y15550,0.0,0.0,0.0,0.0,0.0,0.0,1.0,0.0,0.0,0.0,0.0,0.0
x1034y15550,0.4735585836776715,0.11572946219763654,0.0,0.0,0.0,0.0,0.410711954124692,0.0,0.0,0.0,0.0,0.0
x1534y15550,0.0,0.750405713968084,0.24959428603191602,0.0,0.0,0.0,0.0,0.0,0.0,0.0,0.0,0.0
x2534y15550,0.1588672837771472,0.8036701281076167,0.0,0.0,0.0,0.0,0.037462588115236,0.0,0.0,0.0,0.0,0.0
x3534y15550,0.028419099778175846,0.0,0.0,0.0,0.0,0.0,0.0,0.026805012212900135,0.8143660023696802,0.0,0.0,0.1304098856392439
x1034y16050,0.0,0.0,0.0,0.0,0.0,0.0,0.8947304563762308,0.0,0.1052695436237692,0.0,0.0,0.0
x1534y16050,0.0,0.0,0.0,0.0,0.0,0.0,0.9153556279242626,0.0,0.08464437207573745,0.0,0.0,0.0
x2034y16050,0.12779024248272616,0.29984442702946196,0.0,0.0,0.0,0.0,0.5723653304878119,0.0,0.0,0.0,0.0,0.0
x2534y16050,0.6097940813037284,0.0,0.3902059186962715,0.0,0.0,0.0,0.0,0.0,0.0,0.0,0.0,0.0
x3034y16050,0.6070463156373554,0.39295368436264455,0.0,0.0,0.0,0.0,0.0,0.0,0.0,0.0,0.0,0.0
x2034y16550,0.0,0.0,0.0,0.011973537917650512,0.07271854027106371,0.0,0.9153079218112857,0.0,0.0,0.0,0.0,0.0
x2534y16550,0.0,0.0,0.0,0.0,0.030572329098589434,0.00627515667395047,0.8390711950589537,0.0,0.0,0.0,0.0,0.1240813191685065
x3034y16550,0.8227143780605018,0.0,0.06027807993939159,0.0,0.0,0.0,0.11700754200010655,0.0,0.0,0.0,0.0,0.0
x3034y17050,0.3638006887276687,0.0,0.0,0.0,0.0,0.022763246336631432,0.6134360649356999,0.0,0.0,0.0,0.0,0.0
